id,ax,ay,az,gy,gz,gx,my,mz,tiempo
0,-0.9921875,-0.021484375,0.0166015625,1.12152099609375,1.25885009765625,-4.70733642578125,0,0,0,2812
1,-0.9970703125,-0.01220703125,0.02783203125,1.40380859375,1.19781494140625,-5.53131103515625,0,0,0,2837
2,-0.9853515625,-0.02099609375,0.037109375,3.31878662109375,1.40380859375,-6.32476806640625,0,0,0,2861
3,-0.982421875,-0.02783203125,0.021484375,3.97491455078125,1.6937255859375,-6.3629150390625,0,0,0,2885
4,-0.9921875,-0.02392578125,0.029296875,3.70025634765625,1.861572265625,-6.44683837890625,0,0,0,2909
5,-0.98486328125,-0.032958984375,0.01953125,4.35638427734375,2.00653076171875,-6.50787353515625,0,0,0,2933
6,-0.988037109375,-0.046875,0.019775390625,4.18853759765625,1.77001953125,-6.11114501953125,0,0,0,2957
7,-0.9873046875,-0.0390625,0.016845703125,2.7923583984375,1.47247314453125,-5.55419921875,0,0,0,2981
8,-0.9931640625,-0.032470703125,0.023681640625,3.0670166015625,1.556396484375,-5.0201416015625,0,0,0,3005
9,-0.989990234375,-0.03466796875,0.0263671875,4.1656494140625,1.70135498046875,-4.70733642578125,0,0,0,3029
10,-0.986572265625,-0.036376953125,0.028076171875,3.8299560546875,1.74713134765625,-4.3182373046875,0,0,0,3053
11,-0.984375,-0.03271484375,0.023193359375,3.85284423828125,1.86920166015625,-4.241943359375,0,0,0,3077
12,-0.99267578125,-0.0400390625,0.016357421875,4.05120849609375,1.9989013671875,-4.17327880859375,0,0,0,3101
13,-0.990234375,-0.038818359375,0.023681640625,3.68499755859375,1.861572265625,-3.91387939453125,0,0,0,3125
14,-0.987060546875,-0.04443359375,0.009033203125,3.1280517578125,1.94549560546875,-3.10516357421875,0,0,0,3149
15,-0.98583984375,-0.01220703125,-0.00537109375,3.35693359375,2.38800048828125,-2.22015380859375,0,0,0,3173
16,-0.985107421875,-0.02001953125,0.01904296875,4.31060791015625,2.18963623046875,-2.8839111328125,0,0,0,3197
17,-0.984619140625,-0.022216796875,0.040283203125,3.79180908203125,2.34222412109375,-4.09698486328125,0,0,0,3221
18,-0.98193359375,-0.01513671875,0.04248046875,5.2490234375,3.0670166015625,-5.37872314453125,0,0,0,3245
19,-0.98291015625,-0.035888671875,0.009033203125,6.8817138671875,3.3111572265625,-5.7373046875,0,0,0,3269
20,-0.9931640625,-0.052978515625,0.01708984375,5.19561767578125,2.92205810546875,-5.21087646484375,0,0,0,3293
21,-0.987060546875,-0.030517578125,-0.00537109375,4.5623779296875,2.685546875,-4.93621826171875,0,0,0,3317
22,-0.9931640625,-0.024658203125,0.022216796875,4.41741943359375,2.2430419921875,-5.5999755859375,0,0,0,3341
23,-0.989990234375,-0.025634765625,0.032470703125,5.4931640625,2.532958984375,-6.50787353515625,0,0,0,3365
24,-0.9970703125,-0.019287109375,0.02490234375,7.30133056640625,2.86102294921875,-7.42340087890625,0,0,0,3389
25,-0.996826171875,-0.045166015625,0.01806640625,8.3465576171875,3.0975341796875,-8.0718994140625,0,0,0,3413
26,-0.9951171875,-0.05712890625,0.006103515625,7.14111328125,2.99072265625,-7.843017578125,0,0,0,3437
27,-0.994384765625,-0.060546875,0.023193359375,7.19451904296875,3.1280517578125,-6.52313232421875,0,0,0,3461
28,-0.996826171875,-0.061279296875,0.02392578125,8.0718994140625,3.8299560546875,-5.0811767578125,0,0,0,3486
29,-0.979736328125,-0.06982421875,0.028076171875,8.819580078125,4.63104248046875,-3.143310546875,0,0,0,3510
30,-0.986083984375,-0.06689453125,0.009521484375,7.62176513671875,4.92095947265625,-1.15966796875,0,0,0,3534
31,-0.998291015625,-0.042236328125,0.0048828125,4.94384765625,4.99725341796875,-0.23651123046875,0,0,0,3558
32,-0.993896484375,-0.0126953125,0.0048828125,6.01959228515625,5.10406494140625,-0.8087158203125,0,0,0,3582
33,-0.997802734375,-0.013427734375,0.020751953125,8.36944580078125,5.218505859375,-2.4566650390625,0,0,0,3606
34,-0.9814453125,-0.021240234375,0.012939453125,11.00921630859375,5.82122802734375,-4.3792724609375,0,0,0,3630
35,-0.9755859375,-0.02392578125,-0.01318359375,12.298583984375,5.55419921875,-5.5389404296875,0,0,0,3654
36,-0.984375,-0.04638671875,-0.01025390625,10.0250244140625,4.8828125,-6.40869140625,0,0,0,3678
37,-0.96630859375,-0.03466796875,-0.01318359375,7.720947265625,4.35638427734375,-6.52313232421875,0,0,0,3702
38,-0.99560546875,-0.044677734375,0.0048828125,6.28662109375,4.119873046875,-6.4544677734375,0,0,0,3726
39,-1.010009765625,-0.052978515625,0.0087890625,6.7901611328125,4.39453125,-6.317138671875,0,0,0,3750
40,-0.985595703125,-0.07275390625,0.000244140625,8.4686279296875,4.49371337890625,-5.05828857421875,0,0,0,3774
41,-0.978759765625,-0.077880859375,-0.003173828125,6.6070556640625,4.3487548828125,-2.7008056640625,0,0,0,3799
0,-0.995361328125,-0.011962890625,0.004150390625,1.65557861328125,-2.6092529296875,-6.05010986328125,0,0,0,4554
1,-0.988037109375,-0.01171875,0.0048828125,2.5634765625,-2.57110595703125,-6.85882568359375,0,0,0,4578
2,-0.984619140625,-0.027587890625,0.00244140625,2.78472900390625,-2.75421142578125,-7.32421875,0,0,0,4602
3,-0.99658203125,-0.026123046875,0.009765625,1.71661376953125,-2.8228759765625,-7.31658935546875,0,0,0,4626
4,-0.997802734375,-0.021240234375,0.025390625,3.37982177734375,-2.63214111328125,-7.17926025390625,0,0,0,4650
5,-0.989990234375,-0.033935546875,0.015380859375,4.5928955078125,-2.41851806640625,-6.79779052734375,0,0,0,4674
6,-0.98681640625,-0.026611328125,0.02294921875,4.45556640625,-2.0751953125,-6.3323974609375,0,0,0,4698
7,-0.991943359375,-0.043701171875,0.017578125,4.95147705078125,-1.6326904296875,-5.72967529296875,0,0,0,4722
8,-0.984619140625,-0.052001953125,0.019775390625,3.95965576171875,-1.45721435546875,-4.5318603515625,0,0,0,4746
9,-0.990966796875,-0.047119140625,0.021728515625,2.72369384765625,-1.21307373046875,-3.3111572265625,0,0,0,4770
10,-0.98828125,-0.03955078125,0.026611328125,1.41143798828125,-1.0833740234375,-2.34222412109375,0,0,0,4794
11,-0.989501953125,-0.035888671875,0.0263671875,0.61798095703125,-0.91552734375,-1.6632080078125,0,0,0,4818
12,-0.992919921875,-0.02294921875,0.03076171875,-0.3204345703125,-0.75531005859375,-1.38092041015625,0,0,0,4842
13,-0.9892578125,-0.02294921875,0.02490234375,0.23651123046875,-0.64849853515625,-1.48773193359375,0,0,0,4866
14,-0.984375,-0.025146484375,0.03271484375,-0.1983642578125,-0.7781982421875,-1.45721435546875,0,0,0,4890
15,-0.9833984375,-0.01318359375,0.019775390625,-0.43487548828125,-0.89263916015625,-1.52587890625,0,0,0,4914
16,-0.99560546875,-0.005615234375,0.019775390625,-0.1220703125,-1.03759765625,-2.044677734375,0,0,0,4938
17,-0.991943359375,-0.007080078125,0.0244140625,0.79345703125,-0.9307861328125,-3.11279296875,0,0,0,4962
18,-1.005126953125,-0.021728515625,0.032470703125,2.197265625,-0.77056884765625,-3.94439697265625,0,0,0,4986
19,-0.99169921875,-0.01953125,0.03076171875,3.082275390625,-0.81634521484375,-4.3182373046875,0,0,0,5010
20,-0.9912109375,-0.0263671875,0.030029296875,4.20379638671875,-0.885009765625,-4.1656494140625,0,0,0,5034
21,-0.9765625,-0.0205078125,0.017578125,4.058837890625,-1.27410888671875,-3.65447998046875,0,0,0,5058
22,-0.983642578125,-0.00537109375,0.03173828125,3.2501220703125,-1.59454345703125,-3.91387939453125,0,0,0,5082
23,-0.979736328125,0.00390625,0.03076171875,3.9520263671875,-1.8157958984375,-5.1727294921875,0,0,0,5106
24,-0.98291015625,-0.018310546875,0.03662109375,3.80706787109375,-2.0599365234375,-6.27899169921875,0,0,0,5130
25,-0.98681640625,-0.021728515625,0.02978515625,2.349853515625,-2.4871826171875,-6.88934326171875,0,0,0,5154
26,-0.980712890625,-0.03369140625,0.028076171875,1.36566162109375,-3.0364990234375,-6.8817138671875,0,0,0,5178
27,-0.972412109375,-0.0263671875,0.0224609375,0.5950927734375,-3.6773681640625,-6.378173828125,0,0,0,5202
28,-0.982177734375,-0.015625,0.036865234375,-0.54168701171875,-4.33349609375,-6.4849853515625,0,0,0,5226
29,-0.987548828125,-0.014404296875,0.0556640625,0.26702880859375,-3.997802734375,-7.1563720703125,0,0,0,5250
30,-0.98095703125,-0.017578125,0.05078125,1.556396484375,-3.6773681640625,-7.60650634765625,0,0,0,5274
31,-0.974365234375,-0.028076171875,0.033447265625,1.9683837890625,-3.83758544921875,-7.598876953125,0,0,0,5298
32,-0.982177734375,-0.021728515625,0.030517578125,2.716064453125,-4.47845458984375,-7.3394775390625,0,0,0,5322
33,-0.977294921875,-0.006591796875,0.02880859375,1.8310546875,-5.5084228515625,-8.49151611328125,0,0,0,5346
34,-0.979736328125,0.01416015625,0.02978515625,4.29534912109375,-5.43212890625,-10.0250244140625,0,0,0,5370
35,-0.9794921875,-0.021240234375,0.0771484375,6.591796875,-5.340576171875,-11.31439208984375,0,0,0,5394
36,-0.981689453125,-0.02099609375,0.098876953125,8.44573974609375,-4.06646728515625,-12.99285888671875,0,0,0,5418
37,-0.9677734375,-0.04443359375,0.080078125,9.36126708984375,-3.0517578125,-15.15960693359375,0,0,0,5442
38,-0.97119140625,-0.05517578125,0.06005859375,3.2958984375,-4.058837890625,-17.15850830078125,0,0,0,5466
39,-1.0107421875,-0.056884765625,0.080810546875,-2.655029296875,-4.66156005859375,-20.01953125,0,0,0,5490
40,-1.039306640625,-0.03564453125,0.123291015625,-3.6163330078125,-2.52532958984375,-22.186279296875,0,0,0,5514
41,-1.018310546875,-0.068603515625,0.117919921875,2.8076171875,1.434326171875,-23.2391357421875,0,0,0,5538
0,-0.095458984375,0.059814453125,0.01806640625,-10.61248779296875,1.64794921875,8.53729248046875,0,0,0,6216
1,-0.09716796875,0.05615234375,0.00439453125,-2.5177001953125,4.1656494140625,-6.00433349609375,0,0,0,6240
2,-0.10986328125,0.08837890625,0.000732421875,4.730224609375,4.81414794921875,-18.24188232421875,0,0,0,6264
3,-0.067138671875,0.043212890625,-0.00244140625,9.20867919921875,4.58526611328125,-25.665283203125,0,0,0,6288
4,-0.046875,-0.0009765625,-0.02685546875,4.9285888671875,2.532958984375,-34.67559814453125,0,0,0,6312
5,0.00537109375,0.01904296875,-0.054931640625,-9.59014892578125,0.3204345703125,-44.708251953125,0,0,0,6336
6,0.05029296875,0.144287109375,0.0078125,-22.5372314453125,-2.4261474609375,-57.33489990234375,0,0,0,6360
7,-0.150146484375,0.17724609375,0.04248046875,-19.83642578125,2.5482177734375,-75.3326416015625,0,0,0,6384
8,-0.187255859375,0.160400390625,-0.071533203125,-10.68878173828125,9.552001953125,-89.95819091796875,0,0,0,6408
9,-0.253662109375,0.16259765625,-0.125,-16.326904296875,19.6990966796875,-111.9384765625,0,0,0,6432
10,-0.52783203125,0.3076171875,-0.027099609375,-28.14483642578125,32.3944091796875,-139.82391357421875,0,0,0,6456
11,-0.994873046875,0.417724609375,0.04931640625,-23.20098876953125,45.38726806640625,-173.77471923828125,0,0,0,6480
12,-1.2822265625,0.47705078125,0.09033203125,-6.439208984375,51.26190185546875,-202.98004150390625,0,0,0,6504
13,-1.592529296875,0.66455078125,0.054443359375,-10.8642578125,42.88482666015625,-215.8660888671875,0,0,0,6528
14,-2.0,0.636474609375,0.133544921875,-5.584716796875,25.67291259765625,-220.23773193359375,0,0,0,6552
15,-2.0,0.505615234375,0.213134765625,-56.22100830078125,-14.94598388671875,-199.02801513671875,0,0,0,6576
16,-2.0,-2.0,1.2197265625,-108.84857177734375,-68.7255859375,-221.7254638671875,0,0,0,6600
17,-2.0,0.721435546875,-2.0,38.8946533203125,-26.31378173828125,-33.91265869140625,0,0,0,6624
18,-1.4345703125,0.89892578125,-0.638427734375,34.7137451171875,-12.420654296875,-92.09442138671875,0,0,0,6648
19,-0.753173828125,-1.785888671875,0.063232421875,159.95025634765625,-8.8958740234375,-46.6766357421875,0,0,0,6672
20,-0.669677734375,-1.129638671875,0.802001953125,-37.31536865234375,-16.27349853515625,50.0335693359375,0,0,0,6696
21,-1.0126953125,0.50927734375,0.578125,-92.6055908203125,-0.40435791015625,45.562744140625,0,0,0,6720
22,-1.033447265625,0.66357421875,0.03759765625,30.02166748046875,13.71002197265625,29.083251953125,0,0,0,6744
23,-0.98486328125,-0.004638671875,-0.095947265625,74.66888427734375,10.33782958984375,3.5247802734375,0,0,0,6768
24,-0.99560546875,-0.439697265625,-0.322509765625,34.881591796875,3.35693359375,-2.84576416015625,0,0,0,6792
25,-0.994140625,-0.169677734375,-0.02490234375,-43.212890625,-5.828857421875,-2.3193359375,0,0,0,6816
26,-1.000732421875,-0.023681640625,0.15087890625,-33.4320068359375,-4.53948974609375,-2.166748046875,0,0,0,6840
27,-0.991943359375,-0.10693359375,0.143798828125,-1.22833251953125,1.5411376953125,-0.92315673828125,0,0,0,6864
28,-0.9833984375,-0.19140625,0.089111328125,8.544921875,5.2642822265625,3.4942626953125,0,0,0,6888
29,-0.99560546875,-0.136474609375,0.024169921875,5.7373046875,5.79071044921875,6.18743896484375,0,0,0,6912
30,-0.961669921875,-0.092529296875,0.015625,4.6234130859375,5.462646484375,6.28662109375,0,0,0,6936
31,-0.98046875,-0.074462890625,0.021728515625,6.67572021484375,5.16510009765625,3.95965576171875,0,0,0,6960
32,-0.9755859375,-0.084716796875,0.0322265625,6.79779052734375,5.27191162109375,0.8392333984375,0,0,0,6984
33,-0.981201171875,-0.106201171875,0.03466796875,6.77490234375,5.3863525390625,-0.8087158203125,0,0,0,7008
34,-0.98974609375,-0.109375,0.03662109375,4.8675537109375,5.66864013671875,-1.65557861328125,0,0,0,7032
35,-0.992919921875,-0.086669921875,0.020263671875,4.5013427734375,6.683349609375,-1.8310546875,0,0,0,7056
36,-0.9736328125,-0.08837890625,0.025146484375,4.70733642578125,6.744384765625,-4.26483154296875,0,0,0,7080
37,-0.989501953125,-0.082763671875,0.018310546875,5.79071044921875,7.63702392578125,-6.44683837890625,0,0,0,7104
38,-0.996337890625,-0.1083984375,0.021484375,9.979248046875,7.50732421875,-7.1868896484375,0,0,0,7128
39,-1.007568359375,-0.146484375,-0.010986328125,16.3726806640625,7.98797607421875,-5.34820556640625,0,0,0,7152
40,-1.066650390625,-0.176513671875,-0.023681640625,20.355224609375,9.08660888671875,0.4730224609375,0,0,0,7177
41,-1.186279296875,-0.257568359375,-0.007080078125,36.712646484375,12.8173828125,12.35198974609375,0,0,0,7201
0,0.341796875,0.031494140625,-0.123779296875,-15.7470703125,2.25067138671875,-19.49310302734375,0,0,0,7877
1,0.210205078125,0.02099609375,-0.104736328125,-11.16180419921875,5.7525634765625,-34.09576416015625,0,0,0,7901
2,0.058837890625,0.047119140625,-0.067138671875,-6.3629150390625,11.10076904296875,-60.40191650390625,0,0,0,7925
3,-0.12353515625,0.119873046875,-0.009033203125,-8.73565673828125,12.115478515625,-98.30474853515625,0,0,0,7949
4,-0.142578125,0.1953125,0.043701171875,16.63970947265625,6.0577392578125,-145.50018310546875,0,0,0,7973
5,-0.2236328125,-0.01513671875,0.00439453125,52.81829833984375,3.82232666015625,-196.5179443359375,0,0,0,7997
6,-0.552978515625,0.018798828125,-0.092041015625,44.6624755859375,3.48663330078125,-249.4049072265625,0,0,0,8021
7,-1.572509765625,0.051513671875,-0.0517578125,22.430419921875,4.46319580078125,-250.0,0,0,0,8045
8,-2.0,-0.3369140625,0.272705078125,-1.4495849609375,11.7034912109375,-250.0,0,0,0,8069
9,-2.0,0.4462890625,1.99993896484375,-250.0,-40.679931640625,-250.0,0,0,0,8093
10,-0.508056640625,1.99993896484375,-2.0,249.99237060546875,11.03973388671875,-24.57427978515625,0,0,0,8117
11,-0.8837890625,0.185302734375,-0.114990234375,206.12335205078125,-25.08544921875,-147.89581298828125,0,0,0,8141
12,-0.56787109375,-2.0,1.0185546875,249.99237060546875,34.24072265625,-53.192138671875,0,0,0,8165
13,-0.119384765625,-2.0,0.449462890625,61.94305419921875,6.40869140625,49.17144775390625,0,0,0,8189
14,-0.80078125,0.219970703125,0.691162109375,-225.9063720703125,-12.73345947265625,49.37744140625,0,0,0,8213
15,-1.205322265625,1.914306640625,0.463623046875,-128.79180908203125,-6.2255859375,91.62139892578125,0,0,0,8237
16,-1.000732421875,0.412353515625,0.125732421875,94.451904296875,3.18145751953125,41.534423828125,0,0,0,8261
17,-1.006103515625,0.046875,0.181640625,106.475830078125,10.040283203125,19.79827880859375,0,0,0,8285
18,-1.056884765625,-0.446533203125,-0.26953125,39.42108154296875,7.4615478515625,4.44793701171875,0,0,0,8309
19,-1.14013671875,-0.17529296875,-0.287841796875,-35.064697265625,3.4332275390625,2.5634765625,0,0,0,8333
20,-1.02099609375,0.154052734375,-0.097900390625,-51.58233642578125,-2.0294189453125,-3.16619873046875,0,0,0,8357
21,-0.981201171875,0.21630859375,0.0615234375,-16.0369873046875,-1.24359130859375,-14.0228271484375,0,0,0,8381
22,-0.960205078125,-0.00048828125,0.126953125,7.659912109375,1.0528564453125,-20.1568603515625,0,0,0,8406
23,-0.951416015625,-0.126708984375,0.108154296875,11.3067626953125,2.6702880859375,-21.5606689453125,0,0,0,8430
24,-0.972412109375,-0.14208984375,-0.00244140625,8.23211669921875,3.0975341796875,-17.0135498046875,0,0,0,8454
25,-1.002197265625,-0.178466796875,-0.03173828125,7.8582763671875,2.288818359375,-10.6048583984375,0,0,0,8478
26,-1.00146484375,-0.158447265625,0.0107421875,3.7078857421875,1.9683837890625,-3.8909912109375,0,0,0,8502
27,-0.996826171875,-0.1064453125,0.035888671875,3.74603271484375,3.54766845703125,0.98419189453125,0,0,0,8526
28,-0.99951171875,-0.10546875,0.05859375,8.62884521484375,5.645751953125,3.47137451171875,0,0,0,8550
29,-0.986328125,-0.10693359375,0.021240234375,11.7950439453125,7.16400146484375,6.103515625,0,0,0,8574
30,-0.981689453125,-0.097412109375,-0.013427734375,8.026123046875,7.32421875,7.75146484375,0,0,0,8598
31,-0.973876953125,-0.049560546875,-0.000732421875,1.41143798828125,6.58416748046875,6.67572021484375,0,0,0,8622
32,-0.9755859375,-0.02197265625,0.00439453125,-1.7242431640625,5.92041015625,3.31878662109375,0,0,0,8646
33,-0.97607421875,-0.02783203125,-0.01513671875,0.40435791015625,5.63812255859375,0.6561279296875,0,0,0,8670
34,-0.9912109375,-0.0517578125,-0.016357421875,1.2664794921875,5.06591796875,-1.59454345703125,0,0,0,8694
35,-0.9912109375,-0.079345703125,-0.034423828125,0.63323974609375,4.33349609375,-2.0904541015625,0,0,0,8718
36,-0.99951171875,-0.069091796875,-0.017333984375,-0.946044921875,3.8909912109375,-1.617431640625,0,0,0,8742
37,-0.993408203125,-0.060302734375,0.001953125,-0.40435791015625,3.6773681640625,-1.02996826171875,0,0,0,8766
38,-1.017822265625,-0.012451171875,0.032958984375,8.09478759765625,5.3253173828125,-0.05340576171875,0,0,0,8790
39,-1.001953125,-0.131591796875,-0.040283203125,20.34759521484375,6.4544677734375,2.81524658203125,0,0,0,8814
40,-1.04296875,-0.108642578125,0.010009765625,21.17919921875,7.56072998046875,9.62066650390625,0,0,0,8838
41,-1.080078125,-0.203125,-0.036376953125,27.984619140625,8.2244873046875,17.87567138671875,0,0,0,8862
0,-0.7724609375,0.205322265625,0.14501953125,26.611328125,-21.55303955078125,-250.0,0,0,0,9533
1,-1.127197265625,0.14794921875,-0.002685546875,58.7921142578125,-19.3023681640625,-250.0,0,0,0,9558
2,-2.0,0.012451171875,0.02783203125,54.0618896484375,-29.31976318359375,-250.0,0,0,0,9582
3,-2.0,-0.239013671875,0.34228515625,33.60748291015625,-36.27777099609375,-250.0,0,0,0,9606
4,-2.0,-1.241455078125,1.45556640625,-250.0,-133.18634033203125,-250.0,0,0,0,9630
5,-0.57275390625,1.99993896484375,-2.0,-32.4554443359375,59.30328369140625,-104.97283935546875,0,0,0,9654
6,-0.58544921875,0.083740234375,-0.470947265625,249.99237060546875,7.51495361328125,-130.33294677734375,0,0,0,9678
7,-0.8232421875,-2.0,1.10546875,249.99237060546875,35.15625,-32.23419189453125,0,0,0,9702
8,-0.311767578125,-1.869140625,0.58203125,35.70556640625,13.11492919921875,67.13104248046875,0,0,0,9726
9,-0.83154296875,-0.05322265625,0.561767578125,-200.49285888671875,-11.69586181640625,46.82159423828125,0,0,0,9750
10,-1.118896484375,1.51513671875,0.261962890625,-161.92626953125,-12.87078857421875,75.9124755859375,0,0,0,9774
11,-0.99169921875,0.32421875,0.000732421875,39.0167236328125,0.8392333984375,39.43634033203125,0,0,0,9798
12,-0.9462890625,0.001220703125,0.041259765625,82.7484130859375,11.383056640625,17.53997802734375,0,0,0,9822
13,-1.04443359375,-0.38037109375,-0.1767578125,30.34210205078125,6.90460205078125,4.72259521484375,0,0,0,9846
14,-1.042724609375,-0.20166015625,-0.19677734375,-27.89306640625,3.5858154296875,4.0740966796875,0,0,0,9870
15,-1.03173828125,-0.006103515625,-0.109619140625,-51.3763427734375,0.091552734375,-1.12152099609375,0,0,0,9894
16,-0.99951171875,0.137939453125,0.0322265625,-33.11920166015625,-0.0152587890625,-7.5531005859375,0,0,0,9918
17,-0.98583984375,-0.052001953125,0.0810546875,1.06048583984375,2.3345947265625,-12.44354248046875,0,0,0,9943
18,-0.972900390625,-0.116455078125,0.01904296875,8.76617431640625,3.53240966796875,-13.38958740234375,0,0,0,9967
19,-0.96044921875,-0.11669921875,-0.016845703125,5.126953125,2.93731689453125,-12.4053955078125,0,0,0,9991
20,-0.9814453125,-0.12548828125,-0.039794921875,3.71551513671875,2.105712890625,-10.1470947265625,0,0,0,10015
21,-0.989501953125,-0.12060546875,-0.012939453125,2.63214111328125,1.73187255859375,-8.27789306640625,0,0,0,10039
22,-0.99658203125,-0.12255859375,0.03564453125,4.31060791015625,2.3193359375,-6.5460205078125,0,0,0,10063
23,-1.00634765625,-0.119873046875,0.0458984375,8.6212158203125,4.1351318359375,-4.28009033203125,0,0,0,10087
24,-0.990234375,-0.154052734375,0.01123046875,13.31329345703125,6.439208984375,-1.1444091796875,0,0,0,10111
25,-0.988037109375,-0.159912109375,-0.02880859375,11.2152099609375,6.46209716796875,2.288818359375,0,0,0,10135
26,-0.970947265625,-0.126708984375,-0.02587890625,2.2430419921875,5.7373046875,3.62396240234375,0,0,0,10159
27,-0.968994140625,-0.099365234375,-0.01220703125,-3.448486328125,5.01251220703125,3.15093994140625,0,0,0,10183
28,-0.96484375,-0.055419921875,-0.017333984375,-5.1116943359375,4.50897216796875,1.5716552734375,0,0,0,10207
29,-0.97705078125,-0.064453125,-0.009765625,-1.9378662109375,4.43267822265625,-0.732421875,0,0,0,10231
30,-0.99072265625,-0.0888671875,-0.010009765625,-0.518798828125,4.6539306640625,-2.15911865234375,0,0,0,10255
31,-0.99169921875,-0.099609375,-0.024169921875,0.9613037109375,4.7149658203125,-2.2430419921875,0,0,0,10279
32,-1.000244140625,-0.106201171875,-0.007080078125,2.51007080078125,4.78363037109375,-0.98419189453125,0,0,0,10303
33,-1.031494140625,-0.08203125,-0.03076171875,15.289306640625,6.58416748046875,2.2735595703125,0,0,0,10327
34,-1.056884765625,-0.189453125,-0.0615234375,24.19281005859375,5.97381591796875,7.62939453125,0,0,0,10351
35,-1.12548828125,-0.164306640625,-0.017333984375,30.029296875,6.5765380859375,16.5252685546875,0,0,0,10375
36,-1.198486328125,-0.2939453125,-0.00439453125,28.411865234375,9.84954833984375,25.10833740234375,0,0,0,10399
37,-1.289794921875,-0.4599609375,-0.0908203125,17.63916015625,18.21136474609375,33.80584716796875,0,0,0,10423
38,-1.45458984375,-0.38818359375,-0.053466796875,10.4827880859375,19.47021484375,59.31854248046875,0,0,0,10447
39,-1.873291015625,0.671142578125,0.152099609375,-1.251220703125,9.89532470703125,113.91448974609375,0,0,0,10471
40,-2.0,0.537841796875,0.252197265625,24.63531494140625,3.02886962890625,161.67449951171875,0,0,0,10495
41,-2.0,0.171142578125,-0.112060546875,33.2183837890625,8.4991455078125,201.71356201171875,0,0,0,10519
0,-0.911376953125,0.771240234375,0.43701171875,-148.0865478515625,-3.59344482421875,46.68426513671875,0,0,0,11189
1,-1.286865234375,1.04248046875,0.207275390625,1.64794921875,3.692626953125,48.94256591796875,0,0,0,11213
2,-0.918212890625,0.1025390625,-0.18359375,77.33154296875,6.90460205078125,23.76556396484375,0,0,0,11237
3,-1.006591796875,-0.285400390625,-0.289306640625,51.3458251953125,2.6702880859375,8.3770751953125,0,0,0,11261
4,-1.01171875,-0.21923828125,-0.0341796875,-20.05767822265625,-2.4261474609375,6.011962890625,0,0,0,11285
5,-1.0283203125,-0.060546875,0.03662109375,-38.330078125,-1.5716552734375,5.94329833984375,0,0,0,11309
6,-1.034423828125,0.065673828125,0.05712890625,-21.1944580078125,0.49591064453125,1.251220703125,0,0,0,11333
7,-1.011474609375,0.025390625,0.065185546875,11.3372802734375,2.57110595703125,-4.75311279296875,0,0,0,11357
8,-0.962158203125,-0.091552734375,0.008544921875,14.923095703125,2.5177001953125,-8.41522216796875,0,0,0,11381
9,-0.9560546875,-0.128662109375,0.01904296875,1.190185546875,0.54931640625,-10.35308837890625,0,0,0,11405
10,-0.965087890625,-0.054443359375,0.035400390625,-2.01416015625,0.06866455078125,-9.8724365234375,0,0,0,11429
11,-0.972900390625,-0.0751953125,0.025146484375,7.232666015625,1.06048583984375,-10.284423828125,0,0,0,11453
12,-0.98095703125,-0.1279296875,0.026123046875,11.16943359375,1.53350830078125,-9.16290283203125,0,0,0,11478
13,-0.992919921875,-0.14794921875,0.02099609375,8.85009765625,1.57928466796875,-6.24847412109375,0,0,0,11502
14,-1.00048828125,-0.147705078125,0.011474609375,6.90460205078125,1.97601318359375,-3.91387939453125,0,0,0,11526
15,-0.989990234375,-0.132568359375,0.022216796875,4.547119140625,2.532958984375,-0.7476806640625,0,0,0,11550
16,-0.97802734375,-0.10888671875,0.0380859375,3.31878662109375,3.3416748046875,0.946044921875,0,0,0,11574
17,-0.972900390625,-0.079833984375,0.018798828125,2.15911865234375,3.7841796875,0.32806396484375,0,0,0,11598
18,-0.97802734375,-0.068359375,0.010986328125,0.09918212890625,3.4332275390625,-2.12860107421875,0,0,0,11622
19,-0.978271484375,-0.076904296875,0.007568359375,-0.3662109375,3.47137451171875,-4.08935546875,0,0,0,11646
20,-0.98486328125,-0.100830078125,0.00927734375,0.77056884765625,3.42559814453125,-4.8370361328125,0,0,0,11670
21,-0.983642578125,-0.13232421875,0.033203125,-0.49591064453125,4.1351318359375,-3.84521484375,0,0,0,11694
22,-0.98974609375,-0.1494140625,0.0224609375,-3.3721923828125,5.615234375,-0.45013427734375,0,0,0,11718
23,-1.012451171875,-0.1552734375,0.024658203125,-4.06646728515625,7.66754150390625,4.7607421875,0,0,0,11742
24,-1.0390625,-0.14794921875,0.026123046875,0.6561279296875,9.4146728515625,11.42120361328125,0,0,0,11766
25,-1.092529296875,-0.169921875,-0.02490234375,17.14324951171875,13.06915283203125,23.15521240234375,0,0,0,11790
26,-1.194091796875,-0.258056640625,0.016357421875,9.9334716796875,16.59393310546875,36.2548828125,0,0,0,11814
27,-1.274169921875,-0.209228515625,-0.04541015625,4.32586669921875,24.993896484375,61.36322021484375,0,0,0,11838
28,-1.507080078125,-0.211181640625,-0.061279296875,15.44952392578125,26.54266357421875,89.1876220703125,0,0,0,11862
29,-1.923095703125,0.680908203125,0.254638671875,-7.99560546875,14.95361328125,133.7890625,0,0,0,11886
30,-2.0,0.5361328125,0.08642578125,13.00048828125,11.5966796875,167.694091796875,0,0,0,11910
31,-1.893798828125,0.26806640625,-0.04833984375,38.10882568359375,20.63751220703125,185.4705810546875,0,0,0,11934
32,-1.66796875,0.3486328125,0.01806640625,29.96063232421875,24.078369140625,189.0869140625,0,0,0,11958
33,-1.410888671875,0.37548828125,-0.089599609375,24.4293212890625,28.9306640625,183.58612060546875,0,0,0,11982
34,-1.174072265625,0.46484375,-0.0888671875,15.34271240234375,30.5023193359375,171.9207763671875,0,0,0,12006
35,-0.844482421875,0.293701171875,-0.17529296875,15.03753662109375,33.43963623046875,155.81512451171875,0,0,0,12030
36,-0.4775390625,0.1728515625,-0.182861328125,0.0762939453125,31.76116943359375,137.44354248046875,0,0,0,12054
37,-0.22509765625,0.0869140625,-0.1826171875,-23.62060546875,26.7486572265625,113.16680908203125,0,0,0,12078
38,-0.14111328125,0.08642578125,-0.135498046875,-41.58782958984375,19.7906494140625,86.0443115234375,0,0,0,12102
39,-0.078857421875,0.105224609375,-0.089599609375,-40.55023193359375,14.94598388671875,61.59210205078125,0,0,0,12126
40,0.053466796875,0.104736328125,-0.091552734375,-30.35736083984375,11.03973388671875,45.7305908203125,0,0,0,12150
41,0.131103515625,0.05810546875,-0.093994140625,-13.87786865234375,6.4544677734375,25.970458984375,0,0,0,12174
0,-0.993408203125,-0.035400390625,0.011962890625,2.5177001953125,1.19781494140625,-5.37109375,0,0,0,12854
1,-0.99853515625,-0.078369140625,0.028564453125,6.38580322265625,1.5106201171875,-8.20159912109375,0,0,0,12878
2,-0.98974609375,-0.118408203125,0.023193359375,7.9498291015625,2.3193359375,-8.11767578125,0,0,0,12902
3,-0.9794921875,-0.1494140625,0.0263671875,6.6986083984375,3.2958984375,-5.05828857421875,0,0,0,12926
4,-0.979736328125,-0.1484375,0.037841796875,3.13568115234375,4.47845458984375,-0.43487548828125,0,0,0,12950
5,-0.980712890625,-0.135986328125,0.0166015625,0.26702880859375,5.2490234375,2.8228759765625,0,0,0,12974
6,-0.991943359375,-0.143798828125,0.02294921875,-4.3182373046875,5.9814453125,6.44683837890625,0,0,0,12998
7,-1.014404296875,-0.126708984375,0.0498046875,-6.91986083984375,6.95037841796875,10.65826416015625,0,0,0,13022
8,-1.01708984375,-0.119873046875,-0.009765625,2.593994140625,8.97979736328125,17.00592041015625,0,0,0,13046
9,-1.074951171875,-0.1416015625,0.000244140625,10.21575927734375,11.74163818359375,26.7181396484375,0,0,0,13070
10,-1.11181640625,-0.126708984375,0.015380859375,18.63861083984375,12.21466064453125,34.66033935546875,0,0,0,13094
11,-1.191162109375,-0.219970703125,0.005126953125,17.38739013671875,17.53997802734375,41.7633056640625,0,0,0,13118
12,-1.492431640625,-0.32666015625,-0.1318359375,13.1072998046875,26.5655517578125,53.3905029296875,0,0,0,13142
13,-1.60693359375,-0.258056640625,0.034423828125,-0.5035400390625,25.970458984375,75.64544677734375,0,0,0,13166
14,-2.0,0.80810546875,0.2431640625,-40.2374267578125,18.096923828125,148.651123046875,0,0,0,13190
15,-2.0,0.486083984375,0.072021484375,-13.73291015625,22.7508544921875,172.5311279296875,0,0,0,13214
16,-2.0,0.5009765625,0.0537109375,-8.85009765625,32.40203857421875,196.73919677734375,0,0,0,13238
17,-1.85595703125,0.64794921875,0.089111328125,0.5035400390625,37.26959228515625,202.301025390625,0,0,0,13262
18,-1.363037109375,0.327880859375,-0.097412109375,22.49908447265625,43.87664794921875,189.9566650390625,0,0,0,13286
19,-0.998046875,0.3271484375,-0.142578125,4.87518310546875,42.022705078125,169.6929931640625,0,0,0,13310
20,-0.484130859375,0.09765625,-0.233642578125,-6.3018798828125,39.89410400390625,146.453857421875,0,0,0,13334
21,-0.02880859375,0.033935546875,-0.224365234375,-37.59002685546875,35.369873046875,114.89105224609375,0,0,0,13358
22,0.239013671875,0.03662109375,-0.172119140625,-58.06732177734375,31.33392333984375,81.72607421875,0,0,0,13382
23,0.290283203125,0.01708984375,-0.144775390625,-62.23297119140625,27.61077880859375,55.39703369140625,0,0,0,13406
24,0.27001953125,0.032470703125,-0.1259765625,-44.76165771484375,24.4293212890625,32.40966796875,0,0,0,13430
25,0.31591796875,0.03466796875,-0.1328125,-26.4434814453125,21.52252197265625,16.5252685546875,0,0,0,13454
26,0.323486328125,-0.048828125,-0.153076171875,-2.81524658203125,17.47894287109375,-1.77764892578125,0,0,0,13478
27,0.3642578125,-0.09912109375,-0.160888671875,7.66754150390625,11.23809814453125,-18.60809326171875,0,0,0,13502
28,0.305908203125,-0.074462890625,-0.12646484375,6.3934326171875,2.3193359375,-37.109375,0,0,0,13526
29,0.28125,-0.0615234375,-0.09716796875,2.3345947265625,-6.7138671875,-58.41064453125,0,0,0,13550
30,0.162841796875,0.047119140625,-0.0771484375,2.25067138671875,-13.40484619140625,-83.70208740234375,0,0,0,13574
31,-0.0849609375,0.192138671875,-0.07861328125,18.9666748046875,-17.5628662109375,-108.83331298828125,0,0,0,13598
32,-0.4443359375,0.3818359375,0.005615234375,45.5474853515625,-20.1263427734375,-144.256591796875,0,0,0,13622
33,-0.8583984375,0.56689453125,-0.030517578125,81.756591796875,-21.09527587890625,-180.3436279296875,0,0,0,13646
34,-1.359375,0.556640625,-0.1171875,111.13739013671875,-29.5867919921875,-202.972412109375,0,0,0,13670
35,-1.62841796875,0.419921875,-0.2509765625,93.07098388671875,-39.29901123046875,-214.5843505859375,0,0,0,13694
36,-1.86865234375,-0.099609375,-0.276123046875,23.75030517578125,-47.12677001953125,-219.06280517578125,0,0,0,13718
37,-2.0,0.062744140625,0.056640625,-111.77825927734375,-41.40472412109375,-216.02630615234375,0,0,0,13742
38,-2.0,0.010009765625,0.50341796875,-224.609375,-36.94915771484375,-199.65362548828125,0,0,0,13766
39,-2.0,1.759765625,1.99993896484375,-250.0,-98.79302978515625,-120.6207275390625,0,0,0,13790
40,-1.508544921875,-0.630859375,-2.0,181.1981201171875,19.2108154296875,-137.55035400390625,0,0,0,13814
41,-0.976806640625,0.65234375,-0.430908203125,147.80426025390625,-13.519287109375,-80.92498779296875,0,0,0,13838
0,-1.125,-0.033447265625,0.09521484375,-30.98297119140625,17.46368408203125,18.15032958984375,0,0,0,14567
1,-1.078125,0.009765625,0.126220703125,-2.43377685546875,12.176513671875,14.59503173828125,0,0,0,14592
2,-1.09033203125,-0.031005859375,0.099609375,22.2625732421875,3.326416015625,15.8843994140625,0,0,0,14616
3,-1.115234375,-0.17529296875,0.02490234375,26.6876220703125,-3.60870361328125,20.83587646484375,0,0,0,14640
4,-1.12939453125,-0.319091796875,-0.0244140625,17.7764892578125,-5.07354736328125,22.72796630859375,0,0,0,14664
5,-1.043701171875,-0.339111328125,-0.056396484375,0.1373291015625,-6.84356689453125,15.34271240234375,0,0,0,14688
6,-0.914306640625,-0.32080078125,-0.051513671875,-5.37872314453125,-10.27679443359375,0.86212158203125,0,0,0,14712
7,-0.85400390625,-0.29052734375,-0.054443359375,-0.6561279296875,-13.946533203125,-27.10723876953125,0,0,0,14736
8,-0.883544921875,-0.29541015625,-0.0439453125,7.68280029296875,-15.6097412109375,-59.56268310546875,0,0,0,14760
9,-0.9267578125,-0.210205078125,-0.078125,11.932373046875,-16.8304443359375,-90.179443359375,0,0,0,14784
10,-0.98388671875,-0.179931640625,-0.09423828125,8.12530517578125,-19.98138427734375,-117.24853515625,0,0,0,14808
11,-1.09423828125,-0.095703125,-0.07421875,-12.58087158203125,-23.61297607421875,-133.97979736328125,0,0,0,14832
12,-1.16455078125,0.019775390625,-0.054931640625,-37.83416748046875,-25.06256103515625,-145.27130126953125,0,0,0,14856
13,-1.219970703125,0.159912109375,-0.0859375,-53.7261962890625,-20.5841064453125,-142.364501953125,0,0,0,14880
14,-1.226318359375,0.281982421875,-0.06982421875,-54.50439453125,-12.237548828125,-129.67681884765625,0,0,0,14904
15,-1.19775390625,0.404296875,-0.05322265625,-44.19708251953125,-3.5858154296875,-114.11285400390625,0,0,0,14928
16,-1.12548828125,0.4443359375,-0.048095703125,-29.510498046875,0.46539306640625,-99.700927734375,0,0,0,14952
17,-1.107421875,0.517333984375,-0.03271484375,-16.79229736328125,0.66375732421875,-76.88140869140625,0,0,0,14976
18,-1.064208984375,0.55908203125,-0.0576171875,-5.06591796875,1.922607421875,-51.1932373046875,0,0,0,15000
19,-1.017578125,0.5751953125,-0.03369140625,8.0108642578125,4.974365234375,-26.32904052734375,0,0,0,15024
20,-0.970947265625,0.50244140625,-0.01171875,26.18408203125,7.97271728515625,-6.59942626953125,0,0,0,15048
21,-0.923095703125,0.3662109375,-0.0361328125,36.97967529296875,9.674072265625,3.47900390625,0,0,0,15072
22,-0.8896484375,0.244140625,-0.0478515625,42.50335693359375,10.53619384765625,7.45391845703125,0,0,0,15096
23,-0.89599609375,0.1796875,-0.0546875,41.6107177734375,10.30731201171875,6.49261474609375,0,0,0,15120
24,-0.93701171875,0.12646484375,-0.058349609375,29.99114990234375,9.124755859375,5.767822265625,0,0,0,15144
25,-0.9697265625,0.13720703125,-0.059814453125,11.627197265625,7.8887939453125,7.843017578125,0,0,0,15168
26,-1.009765625,0.143310546875,-0.048095703125,-3.94439697265625,7.4005126953125,12.9852294921875,0,0,0,15192
27,-1.037841796875,0.1220703125,-0.04052734375,-14.556884765625,7.3394775390625,18.4478759765625,0,0,0,15216
28,-1.045654296875,0.15380859375,-0.035400390625,-21.697998046875,6.58416748046875,26.02386474609375,0,0,0,15240
29,-1.072021484375,0.129150390625,-0.00634765625,-20.46966552734375,6.56890869140625,34.2559814453125,0,0,0,15264
30,-1.0888671875,0.08056640625,-0.010009765625,-14.42718505859375,7.720947265625,43.6859130859375,0,0,0,15288
31,-1.093994140625,0.037109375,0.001220703125,-7.8582763671875,8.23211669921875,52.51312255859375,0,0,0,15312
32,-1.106689453125,-0.042724609375,0.00341796875,-1.45721435546875,8.59832763671875,57.6934814453125,0,0,0,15336
33,-1.10400390625,-0.177490234375,0.013671875,1.2054443359375,9.613037109375,61.859130859375,0,0,0,15360
34,-1.1025390625,-0.28662109375,0.0615234375,-6.9122314453125,9.5672607421875,65.0482177734375,0,0,0,15384
35,-1.064697265625,-0.335693359375,0.0888671875,-16.53289794921875,6.2103271484375,66.314697265625,0,0,0,15408
36,-1.03173828125,-0.393798828125,0.079345703125,-20.0347900390625,2.0904541015625,60.9283447265625,0,0,0,15432
37,-0.983642578125,-0.452880859375,0.069091796875,-19.43206787109375,-0.93841552734375,50.65155029296875,0,0,0,15456
38,-0.95166015625,-0.467529296875,0.056396484375,-17.08984375,-4.1046142578125,35.1104736328125,0,0,0,15480
39,-0.949462890625,-0.4892578125,0.03857421875,-11.65008544921875,-6.17218017578125,19.02008056640625,0,0,0,15504
40,-0.9404296875,-0.46435546875,0.012451171875,-4.85992431640625,-8.04901123046875,3.04412841796875,0,0,0,15528
41,-0.952392578125,-0.4423828125,-0.023193359375,5.4168701171875,-8.60595703125,-12.8631591796875,0,0,0,15552
0,-1.18017578125,-0.106201171875,-0.064453125,26.35955810546875,22.56011962890625,71.37298583984375,0,0,0,16277
1,-1.190673828125,-0.19775390625,-0.0029296875,13.45062255859375,23.06365966796875,70.8160400390625,0,0,0,16302
2,-1.195068359375,-0.26416015625,0.048583984375,-2.62451171875,21.62933349609375,70.0225830078125,0,0,0,16326
3,-1.159423828125,-0.33935546875,0.1328125,-12.82501220703125,18.44024658203125,68.9697265625,0,0,0,16350
4,-1.05810546875,-0.35595703125,0.173828125,-20.30181884765625,12.054443359375,64.70489501953125,0,0,0,16374
5,-0.99462890625,-0.460693359375,0.21240234375,-19.1497802734375,5.7525634765625,54.1534423828125,0,0,0,16398
6,-0.92236328125,-0.47216796875,0.195556640625,-18.157958984375,-0.67901611328125,39.57366943359375,0,0,0,16422
7,-0.89697265625,-0.494873046875,0.177978515625,-11.0931396484375,-6.7138671875,21.98028564453125,0,0,0,16446
8,-0.89404296875,-0.474365234375,0.12109375,-5.2490234375,-9.91058349609375,7.71331787109375,0,0,0,16470
9,-0.90625,-0.505615234375,0.0615234375,2.25830078125,-12.359619140625,-9.14764404296875,0,0,0,16494
10,-0.91748046875,-0.501708984375,0.027099609375,7.51495361328125,-14.12200927734375,-27.35137939453125,0,0,0,16518
11,-0.951904296875,-0.48583984375,-0.01123046875,9.49859619140625,-15.228271484375,-45.013427734375,0,0,0,16542
12,-1.003662109375,-0.428466796875,-0.026123046875,7.95745849609375,-15.4876708984375,-57.3272705078125,0,0,0,16566
13,-1.09423828125,-0.35595703125,-0.035400390625,7.99560546875,-14.4805908203125,-62.6068115234375,0,0,0,16590
14,-1.130615234375,-0.310546875,-0.052490234375,8.7127685546875,-13.4124755859375,-66.78009033203125,0,0,0,16614
15,-1.152587890625,-0.273193359375,-0.084716796875,10.50567626953125,-12.07733154296875,-72.57843017578125,0,0,0,16638
16,-1.183837890625,-0.21630859375,-0.07861328125,10.4217529296875,-10.49041748046875,-78.17840576171875,0,0,0,16662
17,-1.239501953125,-0.15576171875,-0.06689453125,11.932373046875,-8.4991455078125,-79.345703125,0,0,0,16686
18,-1.264404296875,-0.06640625,-0.071044921875,14.59503173828125,-6.27899169921875,-72.296142578125,0,0,0,16710
19,-1.25,0.001953125,-0.113037109375,14.76287841796875,-4.6234130859375,-64.49127197265625,0,0,0,16734
20,-1.20849609375,0.05126953125,-0.14111328125,7.720947265625,-2.7008056640625,-57.54852294921875,0,0,0,16758
21,-1.161865234375,0.083984375,-0.138671875,-5.13458251953125,0.54168701171875,-52.032470703125,0,0,0,16782
22,-1.117431640625,0.17724609375,-0.132080078125,-18.463134765625,2.410888671875,-46.6156005859375,0,0,0,16806
23,-1.054931640625,0.281982421875,-0.11962890625,-30.242919921875,3.28826904296875,-40.30609130859375,0,0,0,16830
24,-0.9912109375,0.40478515625,-0.08642578125,-35.9344482421875,4.58526611328125,-33.8287353515625,0,0,0,16854
25,-0.9169921875,0.498046875,-0.072265625,-36.76605224609375,6.7596435546875,-24.4293212890625,0,0,0,16878
26,-0.8701171875,0.574462890625,-0.06103515625,-31.982421875,9.0789794921875,-15.44952392578125,0,0,0,16902
27,-0.813232421875,0.59814453125,-0.020751953125,-17.87567138671875,9.57489013671875,-8.61358642578125,0,0,0,16926
28,-0.791015625,0.567138671875,-0.01904296875,-1.0833740234375,10.38360595703125,-3.48663330078125,0,0,0,16950
29,-0.76611328125,0.4794921875,-0.033203125,8.84246826171875,11.17706298828125,-0.2899169921875,0,0,0,16974
30,-0.78076171875,0.40087890625,-0.048828125,15.167236328125,11.17706298828125,1.1138916015625,0,0,0,16998
31,-0.811279296875,0.333251953125,-0.05224609375,14.90020751953125,10.955810546875,-0.91552734375,0,0,0,17022
32,-0.90771484375,0.33935546875,-0.029052734375,9.51385498046875,8.11767578125,-4.7149658203125,0,0,0,17046
33,-1.015625,0.3525390625,0.00830078125,5.89752197265625,5.0811767578125,-1.739501953125,0,0,0,17070
34,-1.104736328125,0.3330078125,-0.02001953125,7.01141357421875,3.60870361328125,6.561279296875,0,0,0,17094
35,-1.178466796875,0.317626953125,-0.04052734375,9.9029541015625,2.105712890625,22.2320556640625,0,0,0,17118
36,-1.212646484375,0.260498046875,-0.054443359375,15.2130126953125,3.0059814453125,40.16876220703125,0,0,0,17142
37,-1.22509765625,0.14990234375,-0.0810546875,19.8822021484375,6.622314453125,59.15069580078125,0,0,0,17166
38,-1.23876953125,0.05419921875,-0.095703125,20.89691162109375,10.650634765625,75.0885009765625,0,0,0,17190
39,-1.221435546875,-0.071044921875,-0.103515625,20.1568603515625,13.95416259765625,83.58001708984375,0,0,0,17214
40,-1.203369140625,-0.1943359375,-0.063720703125,15.1824951171875,16.17431640625,84.625244140625,0,0,0,17238
41,-1.1962890625,-0.271728515625,-0.0126953125,9.74273681640625,16.41082763671875,79.16259765625,0,0,0,17262
0,-0.554931640625,0.510498046875,-0.1064453125,14.2974853515625,0.29754638671875,-30.426025390625,0,0,0,17948
1,-0.645751953125,0.53271484375,-0.114013671875,2.7313232421875,-0.335693359375,-29.88433837890625,0,0,0,17972
2,-0.765869140625,0.587646484375,-0.109130859375,-14.2974853515625,-0.81634521484375,-26.5045166015625,0,0,0,17996
3,-0.887939453125,0.697265625,-0.0673828125,-26.6876220703125,-0.9613037109375,-17.78411865234375,0,0,0,18020
4,-0.972412109375,0.759521484375,-0.04638671875,-23.6968994140625,0.19073486328125,-3.83758544921875,0,0,0,18044
5,-1.06591796875,0.762451171875,-0.0263671875,-7.85064697265625,1.71661376953125,9.23919677734375,0,0,0,18068
6,-1.181396484375,0.663818359375,-0.0322265625,24.62005615234375,4.6539306640625,23.97918701171875,0,0,0,18092
7,-1.371337890625,0.5029296875,-0.02197265625,59.66949462890625,7.8125,35.66741943359375,0,0,0,18116
8,-1.5185546875,0.272705078125,-0.053955078125,88.8671875,13.2598876953125,50.7354736328125,0,0,0,18140
9,-1.60791015625,-0.02734375,-0.06298828125,92.72003173828125,24.444580078125,73.3642578125,0,0,0,18164
10,-1.548583984375,-0.381591796875,-0.083740234375,59.4482421875,34.93499755859375,102.45513916015625,0,0,0,18188
11,-1.31689453125,-0.51318359375,0.03515625,6.67572021484375,31.79168701171875,115.1123046875,0,0,0,18212
12,-1.236083984375,-0.39453125,0.052978515625,-37.17803955078125,21.23260498046875,113.1591796875,0,0,0,18236
13,-1.140625,-0.51416015625,0.14599609375,-37.353515625,10.772705078125,94.696044921875,0,0,0,18260
14,-1.04443359375,-0.515869140625,0.164794921875,-17.72308349609375,9.307861328125,71.05255126953125,0,0,0,18284
15,-0.97900390625,-0.604736328125,0.189453125,3.662109375,8.60595703125,51.61285400390625,0,0,0,18308
16,-0.919921875,-0.52490234375,0.150146484375,17.4560546875,5.59234619140625,39.2608642578125,0,0,0,18332
17,-0.94677734375,-0.59130859375,0.080322265625,32.09686279296875,1.96075439453125,23.93341064453125,0,0,0,18356
18,-0.905517578125,-0.680908203125,0.026123046875,27.9083251953125,1.556396484375,8.88824462890625,0,0,0,18380
19,-0.91650390625,-0.61865234375,0.01953125,11.46697998046875,-0.762939453125,-5.67626953125,0,0,0,18404
20,-0.941162109375,-0.576904296875,0.032470703125,0.77056884765625,-5.45501708984375,-21.21734619140625,0,0,0,18428
21,-0.97265625,-0.486328125,0.009521484375,-0.9765625,-7.26318359375,-32.8369140625,0,0,0,18452
22,-1.03857421875,-0.368896484375,0.01220703125,3.31878662109375,-7.7056884765625,-45.24993896484375,0,0,0,18476
23,-1.10595703125,-0.37255859375,-0.0029296875,13.23699951171875,-5.91278076171875,-53.4820556640625,0,0,0,18500
24,-1.12353515625,-0.330322265625,-0.054931640625,15.93780517578125,-6.50787353515625,-64.62860107421875,0,0,0,18524
25,-1.19580078125,-0.32568359375,-0.022705078125,14.19830322265625,-8.61358642578125,-79.65850830078125,0,0,0,18548
26,-1.266845703125,-0.255615234375,-0.03173828125,7.13348388671875,-9.490966796875,-85.99090576171875,0,0,0,18572
27,-1.43798828125,-0.22314453125,-0.01171875,-3.1280517578125,-10.29205322265625,-84.55657958984375,0,0,0,18596
28,-1.48779296875,-0.081298828125,-0.023681640625,-22.63641357421875,-10.92529296875,-72.69287109375,0,0,0,18620
29,-1.5361328125,0.010986328125,-0.001708984375,-43.4112548828125,-11.04736328125,-59.3109130859375,0,0,0,18644
30,-1.5,0.14990234375,-0.010498046875,-69.5343017578125,-9.22393798828125,-42.3126220703125,0,0,0,18668
31,-1.34423828125,0.43603515625,-0.00146484375,-81.42852783203125,-8.11004638671875,-28.7322998046875,0,0,0,18692
32,-1.164306640625,0.679931640625,-0.005126953125,-81.787109375,-4.37164306640625,-14.83917236328125,0,0,0,18716
33,-0.96240234375,0.827880859375,0.030029296875,-72.73101806640625,-0.7781982421875,-2.9449462890625,0,0,0,18740
34,-0.82958984375,0.91357421875,0.052734375,-55.8929443359375,2.86865234375,10.74981689453125,0,0,0,18764
35,-0.750732421875,0.90185546875,0.060302734375,-32.43255615234375,5.6915283203125,24.57427978515625,0,0,0,18788
36,-0.6259765625,0.824951171875,0.04248046875,-17.81463623046875,7.27081298828125,34.0576171875,0,0,0,18812
37,-0.493896484375,0.71533203125,0.04052734375,-6.29425048828125,6.85882568359375,40.1153564453125,0,0,0,18836
38,-0.385009765625,0.610107421875,0.02490234375,4.364013671875,5.45501708984375,38.9251708984375,0,0,0,18860
39,-0.343994140625,0.5,-0.01171875,18.0206298828125,3.7384033203125,31.36444091796875,0,0,0,18884
40,-0.376953125,0.427978515625,-0.029296875,26.10015869140625,2.50244140625,20.22552490234375,0,0,0,18908
41,-0.4248046875,0.37744140625,-0.054931640625,25.73394775390625,0.72479248046875,7.4615478515625,0,0,0,18932
0,-1.6201171875,0.283203125,0.1669921875,-84.564208984375,-11.5203857421875,-188.5528564453125,0,0,0,19628
1,-1.548583984375,0.3994140625,0.08642578125,-76.21002197265625,-6.64520263671875,-159.3780517578125,0,0,0,19652
2,-1.469482421875,0.6953125,0.05615234375,-75.4852294921875,-5.615234375,-117.08831787109375,0,0,0,19676
3,-1.296630859375,0.90087890625,0.041259765625,-70.12176513671875,-2.75421142578125,-80.61981201171875,0,0,0,19700
4,-1.14501953125,1.000244140625,0.035400390625,-64.04876708984375,1.06048583984375,-33.1268310546875,0,0,0,19724
5,-0.984130859375,0.977783203125,0.0390625,-49.84283447265625,3.24249267578125,10.03265380859375,0,0,0,19748
6,-0.813232421875,0.818115234375,0.017333984375,-26.763916015625,2.87628173828125,36.53717041015625,0,0,0,19773
7,-0.712890625,0.613037109375,-0.0009765625,3.56292724609375,1.91497802734375,41.22161865234375,0,0,0,19797
8,-0.63427734375,0.419189453125,-0.0166015625,24.20806884765625,3.51715087890625,35.46905517578125,0,0,0,19821
9,-0.547607421875,0.253662109375,-0.07275390625,34.4085693359375,3.84521484375,24.3377685546875,0,0,0,19845
10,-0.555419921875,0.1796875,-0.076171875,44.99053955078125,2.6397705078125,5.05828857421875,0,0,0,19869
11,-0.6806640625,0.208740234375,-0.0673828125,40.34423828125,-0.83160400390625,-13.8397216796875,0,0,0,19893
12,-0.80126953125,0.322509765625,-0.069580078125,23.62823486328125,-4.1656494140625,-27.00042724609375,0,0,0,19917
13,-0.894775390625,0.451904296875,-0.06640625,10.8489990234375,-6.0272216796875,-29.16717529296875,0,0,0,19941
14,-1.00732421875,0.647705078125,-0.069580078125,6.6070556640625,-5.8135986328125,-23.59771728515625,0,0,0,19965
15,-1.0791015625,0.803466796875,-0.047119140625,12.87841796875,-3.387451171875,-9.05609130859375,0,0,0,19989
16,-1.169677734375,0.751220703125,-0.03564453125,24.2767333984375,0.579833984375,15.167236328125,0,0,0,20013
17,-1.294921875,0.661376953125,-0.04443359375,35.125732421875,1.678466796875,45.57037353515625,0,0,0,20037
18,-1.36376953125,0.50634765625,-0.060546875,38.53607177734375,2.86102294921875,72.9217529296875,0,0,0,20061
19,-1.418701171875,0.330322265625,-0.13623046875,41.05377197265625,5.859375,89.46990966796875,0,0,0,20085
20,-1.4658203125,0.077392578125,-0.17919921875,46.39434814453125,13.946533203125,103.37066650390625,0,0,0,20109
21,-1.48779296875,-0.193603515625,-0.16455078125,39.57366943359375,23.90289306640625,109.01641845703125,0,0,0,20133
22,-1.460205078125,-0.42138671875,-0.02587890625,13.96942138671875,30.9295654296875,110.9466552734375,0,0,0,20157
23,-1.34326171875,-0.525390625,0.06982421875,-17.791748046875,26.458740234375,113.4796142578125,0,0,0,20181
24,-1.193603515625,-0.561767578125,0.12255859375,-37.3687744140625,19.08111572265625,110.74066162109375,0,0,0,20205
25,-1.05517578125,-0.681640625,0.10498046875,-42.266845703125,10.5133056640625,97.96905517578125,0,0,0,20229
26,-0.2744140625,-2.0,-0.204833984375,70.21331787109375,-6.866455078125,-40.3289794921875,0,0,0,20253
27,-1.01513671875,-0.356201171875,-0.192138671875,-27.96173095703125,3.8909912109375,12.90130615234375,0,0,0,20277
28,-0.823486328125,-0.441162109375,0.15380859375,-12.5885009765625,-4.85992431640625,27.191162109375,0,0,0,20301
29,-0.960693359375,-0.3486328125,0.011474609375,-3.92913818359375,-4.180908203125,13.69476318359375,0,0,0,20325
30,-0.87158203125,-0.537109375,-0.109130859375,20.56121826171875,-4.364013671875,1.708984375,0,0,0,20349
31,-0.94140625,-0.450439453125,-0.107666015625,12.24517822265625,-3.36456298828125,-20.1873779296875,0,0,0,20373
32,-0.98779296875,-0.314697265625,-0.02880859375,14.62554931640625,-1.76239013671875,-45.46356201171875,0,0,0,20397
33,-1.088134765625,-0.20263671875,0.01025390625,21.30126953125,-4.69207763671875,-59.48638916015625,0,0,0,20421
34,-1.184326171875,-0.200439453125,-0.042236328125,17.63916015625,-6.9732666015625,-57.830810546875,0,0,0,20445
35,-1.199462890625,-0.05029296875,-0.122314453125,-4.79888916015625,-8.94927978515625,-58.11309814453125,0,0,0,20469
36,-1.135498046875,0.147705078125,-0.154296875,-23.1475830078125,-10.03265380859375,-67.413330078125,0,0,0,20493
37,-1.125244140625,0.332763671875,-0.104736328125,-35.62164306640625,-6.256103515625,-76.69830322265625,0,0,0,20517
38,-1.190673828125,0.41357421875,-0.0263671875,-33.447265625,-1.64031982421875,-75.30975341796875,0,0,0,20541
39,-1.3154296875,0.356689453125,0.009521484375,-21.29364013671875,4.2724609375,-62.7899169921875,0,0,0,20565
40,-1.498046875,0.25244140625,0.05224609375,-4.85992431640625,6.561279296875,-45.806884765625,0,0,0,20589
41,-1.441650390625,0.2548828125,0.0947265625,13.13018798828125,2.8533935546875,-16.754150390625,0,0,0,20613
0,-0.8466796875,-0.662353515625,0.0654296875,-2.5634765625,-8.79669189453125,-20.8740234375,0,0,0,21319
1,-0.90380859375,-0.602294921875,0.033203125,-6.58416748046875,-10.94818115234375,-42.6025390625,0,0,0,21343
2,-0.991943359375,-0.54833984375,-0.00244140625,-5.63812255859375,-11.65008544921875,-58.6700439453125,0,0,0,21367
3,-1.078125,-0.489501953125,0.01806640625,-4.79888916015625,-10.49041748046875,-69.11468505859375,0,0,0,21391
4,-1.209716796875,-0.43115234375,0.030029296875,-3.96728515625,-8.43048095703125,-71.8231201171875,0,0,0,21415
5,-1.296875,-0.300048828125,0.04052734375,3.56292724609375,-8.6822509765625,-68.6187744140625,0,0,0,21439
6,-1.4228515625,-0.236328125,0.017578125,16.10565185546875,-7.98797607421875,-65.66619873046875,0,0,0,21463
7,-1.490478515625,-0.249267578125,-0.042724609375,21.54541015625,-5.50079345703125,-60.302734375,0,0,0,21487
8,-1.55126953125,-0.162841796875,-0.03857421875,7.2784423828125,-8.5601806640625,-53.50494384765625,0,0,0,21511
9,-1.421630859375,-0.08544921875,-0.061279296875,-11.4898681640625,-7.40814208984375,-48.0804443359375,0,0,0,21535
10,-1.365478515625,0.068115234375,-0.076904296875,-35.980224609375,-8.331298828125,-46.5240478515625,0,0,0,21559
11,-1.41162109375,0.1943359375,-0.075439453125,-60.3790283203125,-6.17218017578125,-46.62322998046875,0,0,0,21583
12,-1.31591796875,0.412841796875,-0.062255859375,-92.10968017578125,-0.54168701171875,-41.4581298828125,0,0,0,21607
13,-1.15576171875,0.64306640625,0.016357421875,-108.37554931640625,4.5623779296875,-31.8603515625,0,0,0,21631
14,-0.953125,0.780517578125,0.06787109375,-103.515625,8.7738037109375,-23.79608154296875,0,0,0,21655
15,-0.836181640625,0.848876953125,0.103759765625,-81.10809326171875,10.74981689453125,-15.95306396484375,0,0,0,21679
16,-0.76904296875,0.8232421875,0.119140625,-53.863525390625,11.65771484375,-9.3231201171875,0,0,0,21703
17,-0.718994140625,1.531005859375,-0.341064453125,-39.0472412109375,18.096923828125,13.71002197265625,0,0,0,21727
18,-0.40673828125,1.037109375,0.030029296875,-30.93719482421875,2.74658203125,42.3736572265625,0,0,0,21751
19,-0.3330078125,0.38134765625,0.063720703125,45.72296142578125,4.08172607421875,35.4156494140625,0,0,0,21775
20,-0.43017578125,0.28125,0.00732421875,41.93115234375,1.67083740234375,27.42767333984375,0,0,0,21799
21,-0.437744140625,0.260009765625,-0.036865234375,43.34259033203125,-1.64794921875,20.88165283203125,0,0,0,21823
22,-0.398681640625,0.23876953125,-0.079833984375,43.32733154296875,-4.44793701171875,11.49749755859375,0,0,0,21847
23,-0.4892578125,0.294677734375,-0.0654296875,25.7415771484375,-6.61468505859375,2.0751953125,0,0,0,21871
24,-0.55419921875,0.2861328125,-0.03369140625,13.36669921875,-7.598876953125,-9.7808837890625,0,0,0,21895
25,-0.5556640625,0.306640625,-0.0166015625,4.75311279296875,-7.14874267578125,-24.78790283203125,0,0,0,21919
26,-0.630126953125,0.434326171875,0.00830078125,-1.47247314453125,-7.3089599609375,-36.46087646484375,0,0,0,21943
27,-0.949462890625,0.61376953125,0.0439453125,0.48065185546875,-7.30133056640625,-41.45050048828125,0,0,0,21967
28,-1.177734375,0.7373046875,0.086669921875,20.27130126953125,-6.93511962890625,-40.8782958984375,0,0,0,21991
29,-1.2265625,0.666259765625,0.060791015625,58.20465087890625,-1.5716552734375,-30.8074951171875,0,0,0,22015
30,-1.32373046875,0.641845703125,0.039306640625,87.07427978515625,2.532958984375,-16.5557861328125,0,0,0,22039
31,-1.427734375,0.528076171875,0.036376953125,110.443115234375,6.15692138671875,-4.50897216796875,0,0,0,22063
32,-1.514404296875,0.25830078125,-0.011962890625,112.8082275390625,10.1776123046875,6.43157958984375,0,0,0,22087
33,-1.57421875,0.017822265625,-0.052978515625,87.890625,15.289306640625,27.0538330078125,0,0,0,22111
34,-1.5078125,-0.0400390625,-0.032958984375,48.2635498046875,14.7857666015625,57.2509765625,0,0,0,22135
35,-1.3525390625,-0.124267578125,-0.056884765625,22.3388671875,15.02227783203125,85.96038818359375,0,0,0,22159
36,-1.284912109375,-0.149169921875,-0.044921875,11.993408203125,15.5181884765625,103.73687744140625,0,0,0,22183
37,-1.177001953125,-0.20458984375,-0.0390625,17.1051025390625,17.059326171875,107.04803466796875,0,0,0,22207
38,-1.102294921875,-0.3837890625,0.020263671875,29.07562255859375,19.622802734375,97.25189208984375,0,0,0,22231
39,-1.055908203125,-0.64404296875,0.08837890625,22.33123779296875,22.95684814453125,77.0416259765625,0,0,0,22255
40,-0.923828125,-0.76806640625,0.140380859375,-2.1209716796875,17.31109619140625,52.276611328125,0,0,0,22279
41,-0.870361328125,-0.75390625,0.14794921875,-21.7742919921875,7.2021484375,23.26202392578125,0,0,0,22303
0,-0.338623046875,0.3017578125,-0.032958984375,4.44793701171875,-3.5247802734375,77.2552490234375,0,0,0,22989
1,0.0009765625,0.1728515625,-0.10693359375,18.2037353515625,-8.5601806640625,74.40185546875,0,0,0,23013
2,0.32958984375,0.10693359375,-0.1396484375,25.36773681640625,-13.641357421875,72.3114013671875,0,0,0,23037
3,0.56494140625,0.067138671875,-0.156982421875,26.4129638671875,-15.167236328125,69.32830810546875,0,0,0,23061
4,0.625244140625,0.045654296875,-0.174560546875,25.30670166015625,-16.30401611328125,65.5517578125,0,0,0,23085
5,0.53271484375,0.0087890625,-0.168701171875,23.6053466796875,-17.29583740234375,61.03515625,0,0,0,23109
6,0.4501953125,0.029541015625,-0.13330078125,22.43804931640625,-16.71600341796875,48.78997802734375,0,0,0,23133
7,0.26123046875,0.012451171875,-0.09912109375,20.92742919921875,-13.22174072265625,24.993896484375,0,0,0,23157
8,-0.067626953125,-0.007080078125,-0.001953125,12.13836669921875,-12.62664794921875,-7.8277587890625,0,0,0,23181
9,-0.860107421875,-0.04931640625,0.17529296875,15.0299072265625,-12.603759765625,-78.22418212890625,0,0,0,23205
10,-1.17529296875,-0.570556640625,0.12060546875,45.90606689453125,4.31060791015625,-159.06524658203125,0,0,0,23229
11,-1.139404296875,-0.9267578125,-0.24951171875,28.40423583984375,27.44293212890625,-235.260009765625,0,0,0,23253
12,-1.371337890625,-0.651123046875,-0.220947265625,-56.6253662109375,30.54046630859375,-250.0,0,0,0,23277
13,-2.0,-0.0966796875,0.24267578125,-112.85400390625,33.60748291015625,-250.0,0,0,0,23301
14,-2.0,0.1083984375,0.94189453125,-169.82269287109375,26.67999267578125,-250.0,0,0,0,23325
15,-2.0,1.99993896484375,0.05615234375,-250.0,-53.28369140625,-136.1083984375,0,0,0,23349
16,-0.984130859375,0.327880859375,-2.0,249.99237060546875,1.31988525390625,-63.934326171875,0,0,0,23373
17,-1.122314453125,-1.92529296875,0.332275390625,249.99237060546875,14.70184326171875,-23.712158203125,0,0,0,23397
18,-0.3564453125,-2.0,0.64208984375,124.0081787109375,26.0772705078125,37.7197265625,0,0,0,23421
19,-0.88134765625,-0.24755859375,0.613525390625,-128.15093994140625,0.55694580078125,57.82318115234375,0,0,0,23445
20,-0.946533203125,0.692626953125,0.879638671875,-174.55291748046875,-14.77813720703125,64.1326904296875,0,0,0,23469
21,-0.894287109375,1.044677734375,0.37841796875,-15.594482421875,0.80108642578125,62.79754638671875,0,0,0,23493
22,-0.853271484375,0.395263671875,0.197265625,84.06829833984375,12.36724853515625,33.07342529296875,0,0,0,23517
23,-0.940673828125,-0.052001953125,-0.121826171875,113.4796142578125,8.2855224609375,16.85333251953125,0,0,0,23541
24,-1.05517578125,-0.63671875,-0.826904296875,70.4498291015625,18.49365234375,10.2691650390625,0,0,0,23565
25,-1.076171875,-0.29931640625,-0.431640625,-66.00189208984375,6.89697265625,16.082763671875,0,0,0,23589
26,-1.11669921875,0.25732421875,0.00732421875,-74.40185546875,-2.87628173828125,17.0440673828125,0,0,0,23613
27,-1.052978515625,0.090576171875,-0.05859375,20.44677734375,5.5389404296875,12.77923583984375,0,0,0,23637
28,-1.024658203125,-0.13818359375,0.3388671875,32.2723388671875,10.2691650390625,15.0604248046875,0,0,0,23661
29,-1.042724609375,-0.1689453125,0.103515625,45.7763671875,12.30621337890625,17.98248291015625,0,0,0,23685
30,-1.06005859375,-0.23583984375,-0.12890625,25.50506591796875,10.49041748046875,26.2908935546875,0,0,0,23709
31,-1.080810546875,-0.158203125,-0.18359375,8.11004638671875,10.5743408203125,34.76715087890625,0,0,0,23733
32,-1.150634765625,-0.136474609375,-0.1630859375,-5.25665283203125,9.74273681640625,41.656494140625,0,0,0,23757
33,-1.21533203125,-0.0380859375,-0.0537109375,-14.4500732421875,10.36834716796875,41.34368896484375,0,0,0,23781
34,-1.23583984375,0.0380859375,-0.0517578125,-4.90570068359375,10.7879638671875,41.48101806640625,0,0,0,23805
35,-1.32421875,0.09765625,-0.046630859375,23.101806640625,8.2244873046875,49.74365234375,0,0,0,23829
36,-1.660400390625,0.570556640625,0.192138671875,26.49688720703125,-0.1068115234375,84.14459228515625,0,0,0,23853
37,-1.486572265625,0.068115234375,-0.201416015625,48.86627197265625,6.47735595703125,88.9129638671875,0,0,0,23877
38,-1.483642578125,0.391845703125,-0.02099609375,17.9290771484375,8.79669189453125,100.70037841796875,0,0,0,23901
39,-1.31689453125,0.388916015625,-0.055908203125,13.7786865234375,13.458251953125,103.7445068359375,0,0,0,23925
40,-1.178955078125,0.573486328125,0.00732421875,1.30462646484375,15.14434814453125,103.23333740234375,0,0,0,23949
41,-1.14013671875,0.6474609375,0.05517578125,4.791259765625,13.80157470703125,102.0050048828125,0,0,0,23973
0,-0.825927734375,-0.9111328125,0.8837890625,25.87890625,-21.087646484375,-0.75531005859375,0,0,0,24656
1,-1.047607421875,0.06884765625,0.5146484375,-28.31268310546875,-13.54217529296875,5.6915283203125,0,0,0,24680
2,-0.944580078125,0.48681640625,0.424560546875,12.61138916015625,-0.48828125,9.9029541015625,0,0,0,24704
3,-0.92333984375,-0.01025390625,0.2802734375,85.4644775390625,6.5765380859375,5.523681640625,0,0,0,24728
4,-0.968017578125,-0.154296875,-0.152587890625,63.45367431640625,14.5111083984375,-1.495361328125,0,0,0,24752
5,-1.100830078125,-0.283447265625,-0.48779296875,13.80157470703125,5.096435546875,-3.22723388671875,0,0,0,24776
6,-1.117431640625,-0.116943359375,-0.3037109375,-30.853271484375,-0.2899169921875,2.3193359375,0,0,0,24800
7,-0.982177734375,-0.03662109375,0.009033203125,-30.95245361328125,-2.06756591796875,4.4403076171875,0,0,0,24824
8,-1.003173828125,0.0634765625,0.192138671875,-22.51434326171875,1.8310546875,6.35528564453125,0,0,0,24848
9,-0.947021484375,0.101806640625,0.146484375,2.35748291015625,5.8746337890625,3.3721923828125,0,0,0,24872
10,-0.96630859375,-0.017578125,0.001953125,16.2353515625,8.056640625,1.82342529296875,0,0,0,24896
11,-0.96728515625,-0.04443359375,-0.0693359375,9.39178466796875,6.2103271484375,2.2735595703125,0,0,0,24920
12,-1.015869140625,0.006103515625,-0.01806640625,6.1798095703125,5.0506591796875,2.66265869140625,0,0,0,24944
13,-1.027099609375,-0.073974609375,0.034912109375,13.72528076171875,5.57708740234375,5.53131103515625,0,0,0,24968
14,-1.06494140625,-0.090576171875,0.08056640625,22.30072021484375,9.45281982421875,14.96124267578125,0,0,0,24992
15,-1.146728515625,-0.18505859375,-0.04443359375,31.890869140625,13.8397216796875,29.39605712890625,0,0,0,25016
16,-1.22412109375,-0.238037109375,-0.040283203125,25.9857177734375,13.5955810546875,46.42486572265625,0,0,0,25040
17,-1.461669921875,-0.405029296875,-0.1845703125,26.611328125,18.13507080078125,57.74688720703125,0,0,0,25064
18,-1.553955078125,-0.343994140625,-0.091064453125,8.29315185546875,14.86968994140625,65.54412841796875,0,0,0,25088
19,-1.693115234375,0.021240234375,0.086669921875,-12.12310791015625,8.85009765625,81.00128173828125,0,0,0,25112
20,-2.0,1.608154296875,0.5390625,-53.85589599609375,-0.640869140625,146.331787109375,0,0,0,25136
21,-1.994873046875,0.53369140625,-0.075439453125,22.45330810546875,11.26861572265625,155.79986572265625,0,0,0,25160
22,-1.8701171875,0.796875,0.16162109375,10.7574462890625,11.474609375,174.23248291015625,0,0,0,25184
23,-1.736328125,0.855224609375,0.072265625,25.68817138671875,13.20648193359375,175.1708984375,0,0,0,25208
24,-1.28271484375,0.648193359375,-0.081787109375,45.34149169921875,14.7705078125,168.63250732421875,0,0,0,25232
25,-0.87060546875,0.48876953125,-0.188720703125,42.74749755859375,10.3607177734375,153.70941162109375,0,0,0,25256
26,-0.615234375,0.318603515625,-0.217041015625,22.71270751953125,4.32586669921875,130.615234375,0,0,0,25280
27,-0.47216796875,0.218994140625,-0.209228515625,-3.50189208984375,-1.5716552734375,103.40118408203125,0,0,0,25304
28,-0.2587890625,0.1591796875,-0.1689453125,-21.1029052734375,-5.88226318359375,81.27593994140625,0,0,0,25328
29,-0.039306640625,0.09619140625,-0.16748046875,-31.31103515625,-10.10894775390625,59.19647216796875,0,0,0,25352
30,0.16845703125,0.124755859375,-0.15625,-28.0914306640625,-13.28277587890625,43.914794921875,0,0,0,25376
31,0.3974609375,0.025634765625,-0.196533203125,-7.95745849609375,-14.27459716796875,32.43255615234375,0,0,0,25400
32,0.5224609375,0.0419921875,-0.199462890625,11.11602783203125,-16.0064697265625,26.0467529296875,0,0,0,25424
33,0.574462890625,-0.032958984375,-0.16015625,30.57861328125,-16.1590576171875,24.94049072265625,0,0,0,25448
34,0.5830078125,-0.15234375,-0.146240234375,46.6461181640625,-15.228271484375,25.88653564453125,0,0,0,25472
35,0.504638671875,-0.10400390625,-0.068115234375,48.3245849609375,-14.12200927734375,22.36175537109375,0,0,0,25496
36,0.316650390625,-0.052734375,0.102294921875,49.91912841796875,-12.176513671875,4.913330078125,0,0,0,25520
37,0.11376953125,-0.03759765625,0.176513671875,51.5594482421875,-9.5062255859375,-25.1312255859375,0,0,0,25544
38,-0.177001953125,-0.2431640625,0.119873046875,51.57470703125,-3.8909912109375,-56.20574951171875,0,0,0,25568
39,-0.4140625,-0.046630859375,0.182373046875,-7.415771484375,-11.07025146484375,-108.0474853515625,0,0,0,25592
40,-0.52197265625,-0.002685546875,0.173828125,-18.76068115234375,-11.16180419921875,-161.09466552734375,0,0,0,25616
41,-0.8388671875,-0.00146484375,0.0849609375,-22.1405029296875,-3.54766845703125,-207.69500732421875,0,0,0,25640
0,-2.0,0.716064453125,0.068115234375,-24.8260498046875,5.80596923828125,167.57965087890625,0,0,0,26324
1,-2.0,0.95263671875,0.252685546875,-43.45703125,2.06756591796875,188.690185546875,0,0,0,26349
2,-1.804443359375,0.949951171875,0.01025390625,-32.3486328125,11.566162109375,195.50323486328125,0,0,0,26373
3,-1.3564453125,0.80078125,-0.10205078125,-21.82769775390625,17.18902587890625,194.26727294921875,0,0,0,26397
4,-0.884521484375,0.470947265625,-0.279541015625,-23.24676513671875,19.7296142578125,187.652587890625,0,0,0,26421
5,-0.58837890625,0.21240234375,-0.277587890625,-62.530517578125,15.411376953125,170.09735107421875,0,0,0,26445
6,-0.215576171875,0.1806640625,-0.21435546875,-99.4720458984375,8.85009765625,144.11163330078125,0,0,0,26469
7,0.0849609375,0.11669921875,-0.17431640625,-97.1221923828125,3.79180908203125,119.384765625,0,0,0,26493
8,0.364501953125,0.057373046875,-0.1484375,-61.13433837890625,3.1585693359375,96.96197509765625,0,0,0,26517
9,0.45849609375,-0.025146484375,-0.131591796875,-17.14324951171875,2.29644775390625,78.2318115234375,0,0,0,26541
10,0.44091796875,-0.25390625,-0.142822265625,47.3480224609375,0.8392333984375,59.56268310546875,0,0,0,26565
11,0.507568359375,-0.388916015625,-0.181884765625,92.376708984375,-1.56402587890625,44.30389404296875,0,0,0,26589
12,0.535400390625,-0.51611328125,-0.167236328125,103.38592529296875,-5.98907470703125,26.67236328125,0,0,0,26613
13,0.484375,-0.542724609375,-0.147216796875,89.60723876953125,-9.34600830078125,6.49261474609375,0,0,0,26637
14,0.406494140625,-0.592041015625,-0.09326171875,67.8558349609375,-8.70513916015625,-15.2587890625,0,0,0,26661
15,0.407470703125,-0.6123046875,0.00537109375,18.33343505859375,-7.14111328125,-50.97198486328125,0,0,0,26685
16,0.2626953125,-0.568603515625,0.120849609375,-38.3758544921875,-5.8441162109375,-96.6644287109375,0,0,0,26709
17,0.077880859375,-0.3330078125,0.14501953125,-68.6187744140625,-1.45721435546875,-156.18133544921875,0,0,0,26733
18,-0.245849609375,-0.1015625,0.193603515625,-75.4241943359375,6.95037841796875,-229.74395751953125,0,0,0,26757
19,-0.68017578125,0.22021484375,0.2734375,-31.15081787109375,18.02825927734375,-250.0,0,0,0,26781
20,-1.225830078125,0.36279296875,0.209228515625,68.10760498046875,35.62164306640625,-250.0,0,0,0,26805
21,-2.0,0.306884765625,0.16259765625,94.91729736328125,19.6075439453125,-250.0,0,0,0,26829
22,-2.0,-0.033203125,0.31640625,45.18890380859375,-12.0849609375,-250.0,0,0,0,26853
23,-2.0,1.69189453125,0.956298828125,-250.0,-90.11077880859375,-250.0,0,0,0,26877
24,-0.634033203125,1.99993896484375,-2.0,51.116943359375,-18.157958984375,-59.4482421875,0,0,0,26901
25,-0.646240234375,-0.935791015625,-0.437255859375,249.99237060546875,17.96722412109375,-98.73199462890625,0,0,0,26925
26,-0.32861328125,-2.0,0.788818359375,249.99237060546875,29.60968017578125,-5.10406494140625,0,0,0,26949
27,-0.520263671875,-0.68603515625,0.952392578125,-146.05712890625,-14.61029052734375,83.51898193359375,0,0,0,26973
28,-1.0185546875,0.867919921875,0.504638671875,-208.0230712890625,-4.23431396484375,70.4345703125,0,0,0,26997
29,-1.384033203125,1.350830078125,-0.258056640625,-76.72119140625,11.810302734375,61.1114501953125,0,0,0,27021
30,-0.84130859375,0.181640625,0.096923828125,104.78973388671875,13.86260986328125,28.03802490234375,0,0,0,27045
31,-1.06982421875,-0.417236328125,-0.028564453125,94.10858154296875,14.4500732421875,12.9241943359375,0,0,0,27069
32,-0.9794921875,-0.442138671875,-0.089599609375,1.88446044921875,10.41412353515625,20.08056640625,0,0,0,27093
33,-0.994873046875,-0.142333984375,-0.041748046875,-54.23736572265625,9.78851318359375,25.543212890625,0,0,0,27117
34,-1.009521484375,0.017333984375,0.0283203125,-56.22100830078125,10.03265380859375,25.47454833984375,0,0,0,27141
35,-0.9794921875,0.0146484375,0.082275390625,-29.57916259765625,12.15362548828125,27.51922607421875,0,0,0,27165
36,-0.98779296875,0.010498046875,0.05712890625,-5.85174560546875,14.7857666015625,29.76226806640625,0,0,0,27189
37,-0.9501953125,0.0419921875,-0.027587890625,-0.8392333984375,13.32855224609375,25.71868896484375,0,0,0,27213
38,-0.953125,0.0751953125,-0.01708984375,-8.90350341796875,10.26153564453125,17.5628662109375,0,0,0,27237
39,-0.966552734375,0.08447265625,-0.021728515625,-8.1329345703125,9.0789794921875,11.87896728515625,0,0,0,27261
40,-0.99267578125,0.031494140625,-0.0078125,-3.3111572265625,7.3394775390625,7.60650634765625,0,0,0,27285
41,-0.98291015625,0.031982421875,0.004150390625,7.0648193359375,6.9732666015625,7.27081298828125,0,0,0,27309
