"predict","p0","p1"
"0",0.9999404833879524,5.951661204762188E-5
"1",0.032063292511432806,0.9679367074885672
"1",0.002331305989070165,0.9976686940109298
"0",0.46783561695058085,0.5321643830494192
"0",0.9911008134986363,0.008899186501363638
"0",0.9673492296068895,0.0326507703931105
"0",0.9902517924906457,0.009748207509354298
"0",0.9985480440775525,0.001451955922447514
"0",0.9982241876509614,0.001775812349038616
"0",0.9973891075651339,0.0026108924348661714
"0",0.9983825389349638,0.001617461065036253
"0",0.9981643766303642,0.0018356233696358159
"0",0.9991259878804827,8.740121195172675E-4
"0",0.9992900620150579,7.099379849421372E-4
"0",0.9992637086738442,7.362913261557745E-4
"0",0.9988583568287904,0.0011416431712095827
"0",0.9988035495513354,0.0011964504486645573
"0",0.9994868070140024,5.131929859976545E-4
"0",0.9995802975729312,4.197024270688076E-4
"0",0.9999580371152431,4.196288475683654E-5
"0",0.9999516899474215,4.8310052578581845E-5
"0",0.9997871309884141,2.1286901158591688E-4
"0",0.9998793893498261,1.2061065017383412E-4
"0",0.9990425832070807,9.574167929192852E-4
"0",0.9997870552390583,2.1294476094173986E-4
"0",0.9998383743596306,1.616256403694055E-4
"0",0.9994045117940422,5.954882059577456E-4
"0",0.9948375682745265,0.005162431725473503
"0",0.9963428076544714,0.003657192345528663
"0",0.9993512931489597,6.487068510403225E-4
"0",0.9987015511036907,0.0012984488963092853
"0",0.9995153748294194,4.846251705806067E-4
"0",0.9993328048555373,6.671951444626945E-4
"0",0.997736939310787,0.0022630606892130277
"0",0.9995852594930001,4.1474050699982274E-4
"0",0.9999425692482543,5.743075174565408E-5
"0",0.9999468233569775,5.3176643022465014E-5
"0",0.9999468234473056,5.3176552694460166E-5
"0",0.9998859034094744,1.1409659052560755E-4
"0",0.9997946899944344,2.0531000556560621E-4
"0",0.999800643064769,1.9935693523102913E-4
"0",0.997252631993763,0.00274736800623703
"0",0.999920457866466,7.954213353403041E-5
"0",0.9996700712447443,3.299287552557565E-4
"0",0.9769872677362942,0.023012732263705763
"0",0.9728927653430777,0.02710723465692228
"1",0.2925674246291068,0.7074325753708932
"1",0.07482820566077175,0.9251717943392282
"1",0.04179668455111385,0.9582033154488862
"0",0.9503641998406428,0.0496358001593572
"0",0.9969064438469775,0.0030935561530225897
"0",0.9980826646113231,0.001917335388676856
"0",0.9953305243062752,0.004669475693724815
"0",0.9973956167169903,0.0026043832830097355
"0",0.9992392995653128,7.607004346872635E-4
"0",0.9928332545747159,0.007166745425284027
"0",0.9974920648059673,0.0025079351940327
"0",0.9991464843696808,8.535156303192274E-4
"0",0.9992916009567868,7.083990432132218E-4
"0",0.9987229062963958,0.0012770937036041896
"0",0.9988458010674962,0.0011541989325037428
"0",0.9992558978073827,7.441021926172941E-4
"0",0.9992468609495279,7.531390504721653E-4
"0",0.9993443267465031,6.556732534968876E-4
"0",0.9996372086101044,3.627913898955354E-4
"0",0.9997595117884291,2.404882115708645E-4
"0",0.9986456958942382,0.0013543041057618012
"0",0.9970136094643861,0.0029863905356139137
"0",0.9982357575741732,0.001764242425826868
"0",0.9981969249138698,0.0018030750861301706
"0",0.9976810588811195,0.0023189411188805483
"0",0.9950859319979816,0.004914068002018459
"0",0.995331771210711,0.004668228789288995
"0",0.9996065993578643,3.9340064213572027E-4
"0",0.9996884811175683,3.115188824317435E-4
"0",0.9996878542088621,3.121457911379682E-4
"0",0.9996572447921921,3.4275520780792926E-4
"0",0.9999083933054901,9.16066945098676E-5
"0",0.9999515066500874,4.849334991267541E-5
"0",0.9999516695255334,4.8330474466643186E-5
"0",0.9999517009726893,4.8299027310776185E-5
"0",0.9999516312634752,4.836873652483367E-5
"0",0.9999087990416718,9.120095832811797E-5
"0",0.9999086286971398,9.13713028601612E-5
"0",0.9999516588258693,4.834117413061015E-5
"0",0.9998962787228491,1.0372127715087723E-4
"0",0.9999471645158224,5.2835484177600504E-5
"0",0.9999525021768473,4.749782315266979E-5
"0",0.999931018384348,6.898161565210446E-5
"0",0.9996798649307224,3.201350692776422E-4
"0",0.9986290270237917,0.0013709729762082022
"0",0.9987087680670752,0.0012912319329247584
"0",0.9982651370282275,0.00173486297177246
"0",0.9942164114022805,0.005783588597719514
"0",0.9875477651121557,0.012452234887844306
"1",0.008366853860652501,0.9916331461393475
"1",7.682917867840588E-4,0.9992317082132159
"0",0.9612933438302383,0.03870665616976167
"0",0.9830403069148296,0.0169596930851704
"0",0.995628395888524,0.004371604111475918
"0",0.9939997884014546,0.0060002115985453896
"0",0.9973018941401626,0.002698105859837472
"0",0.9963563605688494,0.003643639431150661
"0",0.9986784967284987,0.0013215032715012695
"0",0.9996911117079252,3.088882920747247E-4
"0",0.9989537637170933,0.0010462362829066875
"0",0.9957678753908206,0.0042321246091794615
"0",0.9990874377771325,9.125622228674589E-4
"0",0.9972694801078409,0.0027305198921590795
"0",0.9987183665720049,0.0012816334279951943
"0",0.9990571005419528,9.428994580471587E-4
"0",0.9992029092753649,7.970907246350887E-4
"0",0.9991495555039908,8.504444960092131E-4
"0",0.9991495555039908,8.504444960092131E-4
"0",0.9991495555039908,8.504444960092131E-4
"0",0.9991495555039908,8.504444960092131E-4
"0",0.9992740026767336,7.259973232663695E-4
"0",0.997266169108591,0.0027338308914090174
"0",0.9999181912534719,8.180874652804903E-5
"0",0.9999149288736424,8.507112635761083E-5
"0",0.9997489846428314,2.5101535716864513E-4
"0",0.9913318781953737,0.008668121804626287
"0",0.9906971133598281,0.009302886640171822
"0",0.9898397556635754,0.010160244336424568
"0",0.9167002452368378,0.0832997547631622
"0",0.7245972704657013,0.27540272953429873
"0",0.7087543992931176,0.29124560070688243
"1",0.02336641262858663,0.9766335873714134
"1",0.0692081086045826,0.9307918913954174
"0",0.4639533748348488,0.5360466251651512
"0",0.9064685858266522,0.09353141417334772
"0",0.9967079350992244,0.003292064900775552
"0",0.9993341605267682,6.658394732318866E-4
"0",0.9995821535900185,4.178464099816026E-4
"0",0.9974574730386881,0.002542526961311889
"0",0.9975726129706175,0.0024273870293825264
"0",0.9996901141362525,3.0988586374742393E-4
"0",0.9985117042617075,0.001488295738292474
"0",0.9980593905064431,0.0019406094935569302
"0",0.9975406588330096,0.0024593411669904513
"0",0.9968008278667837,0.003199172133216319
"0",0.9967705003507894,0.00322949964921055
"0",0.9984951236760857,0.0015048763239143199
"0",0.9990735915701151,9.264084298848856E-4
"0",0.9990757452158097,9.242547841903148E-4
"0",0.9990757452158097,9.242547841903148E-4
"0",0.9992444992428782,7.555007571217848E-4
"0",0.9994412290956023,5.587709043976672E-4
"0",0.9992348816369989,7.65118363001138E-4
"0",0.9991630205713697,8.369794286302567E-4
"0",0.9996794367112792,3.205632887207749E-4
"0",0.9975269363447865,0.002473063655213497
"0",0.9992565063236358,7.434936763641717E-4
"0",0.999374344369736,6.256556302639649E-4
"0",0.9993805386167292,6.194613832708266E-4
"0",0.9991240696636351,8.759303363648991E-4
"0",0.982132167507347,0.017867832492653005
"0",0.986690153657696,0.013309846342304062
"1",0.001180969381007424,0.9988190306189926
"1",0.06026267641631988,0.9397373235836801
"0",0.9926732551464916,0.00732674485350839
"0",0.7833789282226088,0.21662107177739118
"0",0.8360030281994144,0.1639969718005856
"0",0.9966154780391048,0.003384521960895275
"0",0.9991409628035784,8.590371964216056E-4
"0",0.9971893090326743,0.00281069096732566
"0",0.9981258622630629,0.001874137736937117
"0",0.9987953085238638,0.0012046914761361922
"0",0.9984269107465045,0.001573089253495527
"0",0.9994540425441439,5.459574558561015E-4
"0",0.9988852015598867,0.0011147984401132893
"0",0.9982654227905111,0.0017345772094888412
"0",0.998825662822573,0.0011743371774269704
"0",0.9985286233137214,0.0014713766862785769
"0",0.9987717437916845,0.001228256208315425
"0",0.9991525325019668,8.474674980332422E-4
"0",0.9994029811803112,5.970188196887413E-4
"0",0.9991960070824158,8.039929175841512E-4
"0",0.9994520659426414,5.479340573586048E-4
"0",0.9935995568810612,0.006400443118938872
"0",0.9996275432282384,3.7245677176159914E-4
"0",0.996136594933527,0.0038634050664729264
"0",0.9813155846957861,0.01868441530421398
"0",0.9919750653500474,0.00802493464995252
"0",0.9975826984685752,0.0024173015314248487
"0",0.9867795907061007,0.013220409293899284
"0",0.9805602870059756,0.019439712994024336
"0",0.8571562018434178,0.14284379815658219
"1",0.16763488648403468,0.8323651135159653
"1",0.19933746158497845,0.8006625384150216
"0",0.8053134572290006,0.1946865427709994
"1",0.29495491795454176,0.7050450820454582
"1",0.33592256708128587,0.6640774329187141
"1",0.15758712947650244,0.8424128705234976
"0",0.9541498525210066,0.04585014747899338
"0",0.9909259111457228,0.0090740888542772
"0",0.9989787574198187,0.0010212425801813432
"0",0.9989452760454227,0.0010547239545773267
"0",0.9996482954963408,3.5170450365923204E-4
"0",0.9997706752463684,2.2932475363160942E-4
"0",0.9996194325873978,3.805674126021315E-4
"0",0.9997874341361347,2.1256586386536095E-4
"0",0.999540538936907,4.594610630930207E-4
"0",0.9996539969831593,3.4600301684077525E-4
"0",0.9995205250399997,4.7947496000037284E-4
"0",0.9981187087178065,0.0018812912821935383
"0",0.9995046131876691,4.953868123308042E-4
"0",0.9999369133471194,6.308665288058512E-5
"0",0.9993129553606153,6.870446393847708E-4
"0",0.9982110513061477,0.0017889486938522708
"0",0.9985236378422278,0.0014763621577722433
"0",0.9985545216671929,0.0014454783328071011
"0",0.9962329669975338,0.003767033002466157
"0",0.9959388629623936,0.0040611370376063445
"0",0.9919663864625476,0.00803361353745234
"0",0.9949743236838373,0.005025676316162674
"0",0.9970125794221728,0.002987420577827247
"0",0.9993790785972849,6.209214027150672E-4
"0",0.5977810910757526,0.40221890892424744
"0",0.9231130366992255,0.07688696330077455
"1",9.532862410264187E-4,0.9990467137589736
"1",0.02281863918172533,0.9771813608182747
"1",0.009533678160206782,0.9904663218397932
"0",0.9878267217351692,0.012173278264830875
"1",0.0019397580159843386,0.9980602419840157
"0",0.915862805829246,0.08413719417075406
"0",0.9517307723295636,0.04826922767043643
"1",0.4108895434962949,0.5891104565037051
"1",0.1527568348921614,0.8472431651078386
"0",0.969581253472232,0.030418746527768027
"0",0.9979193700535113,0.0020806299464887186
"0",0.993060034039659,0.006939965960340939
"0",0.9977210715360705,0.0022789284639295176
"0",0.9988852015598867,0.0011147984401132893
"0",0.9997589849693642,2.4101503063577795E-4
"0",0.9993542438057409,6.457561942590566E-4
"0",0.9944539639456222,0.0055460360543777175
"0",0.991434397882273,0.008565602117726917
"0",0.9953929593180154,0.004607040681984589
"0",0.990125407670189,0.009874592329811076
"0",0.9980797322031723,0.0019202677968277904
"0",0.9991670832887255,8.329167112745241E-4
"0",0.9992515743122621,7.484256877379119E-4
"0",0.999900140092452,9.98599075479728E-5
"0",0.9998646532394748,1.3534676052517997E-4
"0",0.9998405681496376,1.59431850362394E-4
"0",0.9993835150153031,6.164849846969071E-4
"0",0.9984123190054005,0.0015876809945995463
"0",0.9985956710816783,0.0014043289183216616
"0",0.9983918916258049,0.001608108374195094
"0",0.9996819762212418,3.180237787582639E-4
"0",0.9721263104882697,0.02787368951173031
"0",0.9991438297454704,8.561702545295344E-4
"0",0.9985839962420746,0.001416003757925398
"0",0.9974853034571276,0.00251469654287243
"0",0.45998119137851823,0.5400188086214818
"0",0.5315347938391247,0.4684652061608753
"0",0.999263744145451,7.36255854548917E-4
"0",0.9979884420871958,0.0020115579128041523
"0",0.9991227582161571,8.772417838428079E-4
"0",0.999082864114413,9.171358855869032E-4
"0",0.9996035468024941,3.9645319750596856E-4
"0",0.9995906075306672,4.0939246933278543E-4
"0",0.9991229210126823,8.770789873176576E-4
"0",0.9998323820955222,1.676179044777944E-4
"0",0.9998609043517366,1.3909564826338524E-4
"0",0.9998596766991443,1.4032330085565048E-4
"0",0.9996815959775748,3.184040224252618E-4
"0",0.999675932631036,3.240673689639794E-4
"0",0.999824489308739,1.7551069126093362E-4
"0",0.9998526455804941,1.4735441950584823E-4
"0",0.9998427410170609,1.572589829390586E-4
"0",0.9999470357431105,5.296425688947215E-5
"0",0.9999522184139099,4.778158609005304E-5
"0",0.9999095861762343,9.041382376568926E-5
"0",0.9999521435845955,4.785641540453959E-5
"0",0.9999204597555398,7.954024446019055E-5
"0",0.9993358856123171,6.641143876828282E-4
"0",0.9988202439821809,0.0011797560178190192
"0",0.9988254403927832,0.0011745596072168503
"0",0.9995006115849875,4.993884150124992E-4
"0",0.9994979402069818,5.020597930182488E-4
"0",0.9988191615890737,0.0011808384109262718
"0",0.9993791927651059,6.208072348940687E-4
"0",0.9858270327263917,0.014172967273608289
"0",0.8153359370415896,0.18466406295841042
"1",7.699184378276991E-4,0.9992300815621723
"1",0.09793822591013601,0.902061774089864
"1",5.228092954042696E-4,0.9994771907045957
"0",0.848613028981378,0.15138697101862195
"0",0.8466017988391701,0.15339820116082986
"0",0.9988538345609389,0.0011461654390611234
"0",0.9986790521846066,0.0013209478153933967
"0",0.996390109594325,0.0036098904056750636
"0",0.9331805896755132,0.06681941032448674
"0",0.9641877256511353,0.0358122743488647
"0",0.9280425671663173,0.07195743283368268
"0",0.9981263632262389,0.0018736367737610536
"0",0.9996500638550146,3.4993614498538065E-4
"0",0.9848967761809628,0.015103223819037186
"0",0.9980425888589418,0.0019574111410581903
"0",0.9985395727673946,0.0014604272326054714
"0",0.999175421726788,8.245782732120842E-4
"0",0.9992458193738478,7.541806261521693E-4
"0",0.9992458206540316,7.541793459684273E-4
"0",0.9934235350739582,0.006576464926041756
"0",0.9971951595732564,0.002804840426743605
"0",0.9998597731804266,1.4022681957336818E-4
"0",0.9998689080778056,1.3109192219437879E-4
"0",0.9995447263593489,4.552736406510786E-4
"0",0.9996993428979616,3.0065710203844444E-4
"0",0.9990855155908855,9.14484409114495E-4
"0",0.9996147680747708,3.852319252292628E-4
"0",0.9879574622715498,0.012042537728450216
"0",0.9957690856558415,0.004230914344158426
"0",0.9967549635846528,0.0032450364153472455
"0",0.9003187469431405,0.09968125305685945
"0",0.8936841030408671,0.10631589695913288
"0",0.9828305537293287,0.017169446270671268
"0",0.9717909942259922,0.02820900577400778
"0",0.9896723017930267,0.010327698206973306
"0",0.9984101527239221,0.0015898472760779631
"0",0.9888584096311175,0.01114159036888256
"0",0.9948203146771687,0.005179685322831252
"0",0.9997385132600143,2.6148673998572196E-4
"0",0.9998948860321377,1.0511396786223909E-4
"0",0.9996792116041776,3.207883958224085E-4
"0",0.9998191207021254,1.8087929787454683E-4
"0",0.9994944945310011,5.055054689988958E-4
"0",0.9998935956853578,1.064043146421851E-4
"0",0.9997604236118086,2.3957638819141879E-4
"0",0.9988974813941149,0.0011025186058850251
"0",0.9986800357817206,0.0013199642182793528
"0",0.9990763589717343,9.236410282657172E-4
"0",0.9982110513061477,0.0017889486938522708
"0",0.9995958636814621,4.0413631853788263E-4
"0",0.9985056399356735,0.001494360064326505
"0",0.9990708032133873,9.291967866127558E-4
"0",0.9993690161592497,6.309838407503832E-4
"0",0.9985091119429648,0.0014908880570352482
"0",0.9998772174056607,1.2278259433929508E-4
"0",0.9999472104911818,5.278950881812071E-5
"0",0.9998925391314122,1.0746086858777823E-4
"0",0.9999431460013846,5.6853998615412936E-5
"0",0.999876780922255,1.232190777450077E-4
"0",0.9994939725792696,5.060274207303756E-4
"0",0.9992550681491731,7.449318508268985E-4
"0",0.9993757007256578,6.242992743421402E-4
"0",0.9991240696636351,8.759303363648991E-4
"0",0.7584088115328301,0.24159118846716984
"0",0.96041405044802,0.03958594955198006
"0",0.9955555367847261,0.004444463215273969
"0",0.9986930693984142,0.0013069306015858616
"0",0.997289767582343,0.0027102324176570126
"0",0.9974123281281977,0.002587671871802303
"0",0.986054636737757,0.013945363262243032
"0",0.9847800610374197,0.015219938962580334
"0",0.989273825258187,0.010726174741812993
"0",0.9588778942985486,0.04112210570145141
"0",0.9719264772973382,0.028073522702661845
"0",0.9901884415780368,0.009811558421963223
"0",0.9960756379168877,0.0039243620831122625
"0",0.9986383629243301,0.001361637075669916
"0",0.9988753661540579,0.0011246338459420823
"0",0.9995580788697673,4.4192113023268126E-4
"0",0.9993761838420655,6.238161579344589E-4
"0",0.9988847417143403,0.0011152582856597379
"0",0.9988847417143403,0.0011152582856597379
"0",0.9988551951241947,0.0011448048758053
"0",0.9988014417730895,0.0011985582269105352
"0",0.999456740541336,5.432594586639517E-4
"0",0.99880071982466,0.0011992801753399405
"0",0.9994806052209362,5.193947790638382E-4
"0",0.9999577038514613,4.229614853871991E-5
"0",0.9991614562501884,8.385437498115788E-4
"0",0.9819888624856504,0.01801113751434962
"0",0.9989462930039692,0.0010537069960308058
"0",0.9973079344685974,0.002692065531402505
"0",0.9970331816252436,0.0029668183747564515
"0",0.9927084361092507,0.007291563890749211
"0",0.9971543457022205,0.0028456542977794686
"0",0.9972937352073409,0.0027062647926591587
"0",0.9989485865663507,0.0010514134336493085
"0",0.9781071448248159,0.021892855175184186
"0",0.5149551449976639,0.485044855002336
"0",0.6804073566509116,0.31959264334908843
"0",0.5557452552459353,0.4442547447540647
"0",0.5069183511496949,0.49308164885030514
"0",0.9373314621607296,0.06266853783927036
"0",0.9954592442149813,0.004540755785018715
"0",0.9987964574478418,0.0012035425521581707
"0",0.9989481468433182,0.0010518531566818027
"0",0.9990703372137306,9.296627862694013E-4
"0",0.9994226268511597,5.77373148840329E-4
"0",0.9998530003588243,1.469996411756785E-4
"0",0.9993129553606153,6.870446393847708E-4
"0",0.9998106096805317,1.893903194682466E-4
"0",0.9996092183706177,3.9078162938235286E-4
"0",0.9990735915701151,9.264084298848856E-4
"0",0.9982246910104247,0.0017753089895753114
"0",0.9985170369079882,0.0014829630920117937
"0",0.9985170369079882,0.0014829630920117937
"0",0.9985091119429648,0.0014908880570352482
"0",0.9990498916951597,9.501083048402828E-4
"0",0.9990535820537823,9.464179462177659E-4
"0",0.9990535820537823,9.464179462177659E-4
"0",0.9991666324865186,8.333675134813901E-4
"0",0.9986831170351191,0.001316882964880882
"0",0.9988098361653315,0.0011901638346685144
"0",0.9983928340436453,0.001607165956354728
"0",0.9988618094692513,0.0011381905307486892
"0",0.9988216540577339,0.0011783459422661097
"0",0.9993805386167292,6.194613832708266E-4
"0",0.9905546740526759,0.009445325947324012
"0",0.992529288322361,0.007470711677639033
"1",8.117061568865269E-4,0.9991882938431135
"1",0.054464029069124065,0.9455359709308759
"1",0.005371671395999589,0.9946283286040004
"0",0.921872874138634,0.07812712586136607
"0",0.9963624245283395,0.0036375754716605
"0",0.9971482857439478,0.0028517142560522462
"0",0.9951633503204642,0.004836649679535833
"0",0.9982027231558386,0.0017972768441613738
"0",0.9993437512304414,6.562487695585697E-4
"0",0.9989566687055439,0.0010433312944560544
"0",0.9976602410192833,0.002339758980716738
"0",0.9831003358023169,0.01689966419768302
"0",0.9937807972614597,0.006219202738540283
"0",0.9930528455773129,0.006947154422687165
"0",0.9990595589696006,9.404410303994128E-4
"0",0.9991500852114905,8.499147885094872E-4
"0",0.9991500852114905,8.499147885094872E-4
"0",0.9985127582509318,0.0014872417490682196
"0",0.9994000628539141,5.999371460858085E-4
"0",0.9991736070784634,8.26392921536586E-4
"0",0.9991736070784634,8.26392921536586E-4
"0",0.9994582736689539,5.417263310461258E-4
"0",0.9987908406207512,0.0012091593792488587
"0",0.9947860236753105,0.005213976324689433
"0",0.9988244022709153,0.001175597729084742
"0",0.9996466360647547,3.533639352453572E-4
"0",0.9997895714405604,2.104285594395971E-4
"0",0.9994785098174875,5.214901825124706E-4
"0",0.9993489623988231,6.510376011769278E-4
"0",0.9939416524399441,0.006058347560055803
"0",0.9797546339374139,0.02024536606258609
"0",0.9497950161098079,0.050204983890192095
"0",0.9112567409575858,0.08874325904241423
"0",0.6052161481440346,0.3947838518559655
"0",0.7596438398185665,0.24035616018143344
"0",0.9893622345178579,0.010637765482142108
"0",0.9915918044816294,0.008408195518370595
"0",0.9967567516090068,0.0032432483909931816
"0",0.9991986696589683,8.01330341031672E-4
"0",0.9997910628227302,2.0893717726975085E-4
"0",0.9973197411561036,0.002680258843896426
"0",0.9995991750333524,4.008249666476713E-4
"0",0.9996234341105908,3.765658894091734E-4
"0",0.9998966644830668,1.0333551693316024E-4
"0",0.9998965553744673,1.03444625532725E-4
"0",0.999530993601264,4.690063987360294E-4
"0",0.999694362252564,3.0563774743599487E-4
"0",0.9985180211265641,0.001481978873435978
"0",0.9990476778644916,9.523221355083943E-4
"0",0.9978338443701539,0.002166155629846138
"0",0.9985091119429648,0.0014908880570352482
"0",0.9990498916951597,9.501083048402828E-4
"0",0.9990485216575034,9.514783424966254E-4
"0",0.9979568075511737,0.002043192448826315
"0",0.9990486965464428,9.513034535572181E-4
"0",0.9990486965464428,9.513034535572181E-4
"0",0.9991448403660044,8.55159633995608E-4
"0",0.9962854832838629,0.0037145167161371476
"0",0.9963853723675994,0.0036146276324006137
"0",0.9953112851546624,0.004688714845337656
"0",0.9983151346086406,0.0016848653913594071
"0",0.9990084508059951,9.915491940049378E-4
"0",0.9997417563272066,2.582436727934132E-4
"0",0.7937461077947728,0.20625389220522714
"1",0.016959562516852156,0.9830404374831478
"1",3.512103185201454E-4,0.9996487896814799
"0",0.8303135850570996,0.1696864149429004
"0",0.44903858800975127,0.5509614119902487
"0",0.9923808286359155,0.0076191713640844805
"0",0.9980437007670878,0.0019562992329122384
"0",0.9992304629584816,7.695370415184316E-4
"0",0.9988982582654279,0.001101741734572135
"0",0.9943752477574656,0.005624752242534449
"0",0.9915624640024585,0.008437535997541509
"0",0.9943079517157378,0.005692048284262177
"0",0.9981651929281536,0.0018348070718463504
"0",0.9988426445452095,0.0011573554547904142
"0",0.9988416976942793,0.0011583023057206733
"0",0.9991434870110814,8.565129889186836E-4
"0",0.9985242734794935,0.0014757265205065002
"0",0.9987420252343311,0.0012579747656689191
"0",0.9977646442386288,0.002235355761371249
"0",0.9988542585293151,0.0011457414706849123
"0",0.9987645531200324,0.001235446879967538
"0",0.999460612131735,5.393878682649838E-4
"0",0.9941051354292336,0.005894864570766336
"0",0.997483183392586,0.002516816607414018
"0",0.9937116352770448,0.006288364722955219
"0",0.985231954067221,0.014768045932779049
"0",0.9922672641193144,0.007732735880685551
"0",0.9989849196509036,0.0010150803490964085
"0",0.9989462930039692,0.0010537069960308058
"0",0.9984640456669843,0.0015359543330157176
"0",0.9925053380592797,0.007494661940720334
"0",0.9987806409354508,0.001219359064549178
"0",0.9975912242320778,0.0024087757679221544
"0",0.7969791665396027,0.20302083346039734
"0",0.4686642816737777,0.5313357183262223
"1",0.31969377585484315,0.6803062241451568
"1",0.3588991496906222,0.6411008503093778
"1",0.32403673839051783,0.6759632616094822
"0",0.8098199353317566,0.19018006466824347
"0",0.9750815222829733,0.024918477717026752
"0",0.9993697439744204,6.302560255796762E-4
"0",0.9989058096031204,0.0010941903968795872
"0",0.9952211741195052,0.004778825880494856
"0",0.9993133755309848,6.866244690152624E-4
"0",0.9971454080804596,0.002854591919540455
"0",0.9995412732169315,4.58726783068432E-4
"0",0.9998226770142172,1.7732298578282185E-4
"0",0.9995834580370957,4.1654196290430684E-4
"0",0.9998226770142172,1.7732298578282185E-4
"0",0.9997805775596292,2.1942244037077258E-4
"0",0.9992130579193265,7.869420806735648E-4
"0",0.9966032717720621,0.0033967282279379267
"0",0.9990498916951597,9.501083048402828E-4
"0",0.9990535820537823,9.464179462177659E-4
"0",0.9979568075511737,0.002043192448826315
"0",0.9990486965464428,9.513034535572181E-4
"0",0.9990537576193563,9.4624238064369E-4
"0",0.9990537576193563,9.4624238064369E-4
"0",0.9991448403660044,8.55159633995608E-4
"0",0.9993805386167292,6.194613832708266E-4
"0",0.9993712915346357,6.287084653643207E-4
"0",0.9987777967259571,0.001222203274042845
"0",0.9984998641765055,0.00150013582349455
"0",0.9948165350087051,0.0051834649912948115
"0",0.9467442295730606,0.05325577042693938
"1",5.842482881266431E-4,0.9994157517118734
"1",0.008259228357243464,0.9917407716427565
"0",0.9774417811863052,0.02255821881369485
"0",0.715405305042841,0.2845946949571589
"0",0.957301866091363,0.042698133908636936
"0",0.992527397839062,0.007472602160937985
"0",0.9979665528832831,0.0020334471167169107
"0",0.9980618592285805,0.0019381407714194811
"0",0.9971994058897656,0.0028005941102343455
"0",0.9988640851729387,0.0011359148270613652
"0",0.9992304629584816,7.695370415184316E-4
"0",0.9952467074326247,0.004753292567375326
"0",0.9960648200278548,0.003935179972145219
"0",0.9962592562427911,0.0037407437572089136
"0",0.9985363550489448,0.0014636449510552114
"0",0.9989352024279983,0.00106479757200178
"0",0.9990360268495176,9.63973150482359E-4
"0",0.9989352024279983,0.00106479757200178
"0",0.9988481401149353,0.001151859885064691
"0",0.9988560575381025,0.001143942461897518
"0",0.9988838292652886,0.001116170734711337
"0",0.9988323740768057,0.0011676259231943012
"0",0.999456740541336,5.432594586639517E-4
"0",0.999452514123262,5.474858767380839E-4
"0",0.9976456332159692,0.002354366784030763
"0",0.9989683522975988,0.0010316477024011979
"0",0.987300104397921,0.012699895602078941
"0",0.9878785420632021,0.012121457936797824
"0",0.9658558191395583,0.034144180860441645
"0",0.9581208645914245,0.041879135408575505
"0",0.9970321503327599,0.002967849667240083
"0",0.9874168511506108,0.012583148849389202
"0",0.8950785981940618,0.10492140180593824
"0",0.9945521508953844,0.005447849104615549
"0",0.9984765494590476,0.0015234505409523424
"0",0.9990042698756596,9.957301243404477E-4
"0",0.9997249710042475,2.7502899575245E-4
"0",0.999745900338248,2.540996617520424E-4
"0",0.9985469978413986,0.0014530021586014934
"0",0.9930656325348975,0.006934367465102429
"0",0.9978758583942219,0.002124141605778079
"0",0.9988281457086158,0.0011718542913842689
"0",0.998130590616121,0.0018694093838789831
"0",0.9988248906918322,0.0011751093081677432
"0",0.9998114175724757,1.8858242752433981E-4
"0",0.9992313336323074,7.686663676925842E-4
"0",0.9998190846687399,1.8091533126009262E-4
"0",0.9998194944810038,1.8050551899621733E-4
"0",0.9995715758488295,4.2842415117049176E-4
"0",0.9988037428058654,0.0011962571941346457
"0",0.9993097095332915,6.902904667085144E-4
"0",0.9986738038000714,0.0013261961999286196
"0",0.9988934421102621,0.0011065578897378546
"0",0.9986738038000714,0.0013261961999286196
"0",0.9990719964223979,9.280035776020971E-4
"0",0.9990513768137891,9.486231862109054E-4
"0",0.9990497434517029,9.502565482970255E-4
"0",0.9985056399356735,0.001494360064326505
"0",0.9990485216575034,9.514783424966254E-4
"0",0.9990485216575034,9.514783424966254E-4
"0",0.9990485216575034,9.514783424966254E-4
"0",0.9979568075511737,0.002043192448826315
"0",0.9991308598035566,8.691401964433344E-4
"0",0.9990486981609141,9.513018390859265E-4
"0",0.9990586479909546,9.413520090453973E-4
"0",0.999622470278391,3.775297216089742E-4
"0",0.9977559791812834,0.002244020818716566
"0",0.9947761048598586,0.005223895140141432
"0",0.9976110947629082,0.0023889052370917887
"0",0.9986468177322684,0.0013531822677316037
"0",0.9976059869425591,0.0023940130574408693
"0",0.9993503304589533,6.496695410467074E-4
"0",0.9905293985605106,0.009470601439489454
"0",0.9758058646488538,0.024194135351146208
"0",0.9345654588350176,0.06543454116498243
"1",3.0196736977283756E-4,0.9996980326302272
"1",0.022380202946151062,0.9776197970538489
"1",0.017596622268883255,0.9824033777311167
"0",0.8770333236405389,0.1229666763594611
"0",0.9698430928671823,0.030156907132817698
"0",0.9986057586352043,0.0013942413647957234
"0",0.9974146181035004,0.0025853818964995845
"0",0.9986709602008487,0.0013290397991513585
"0",0.9991572307580711,8.427692419289733E-4
"0",0.9994616135002202,5.383864997797222E-4
"0",0.9994608368369788,5.391631630211235E-4
"0",0.9994610030287614,5.389969712386221E-4
"0",0.9991161177675615,8.838822324384681E-4
"0",0.9991229654831336,8.770345168664113E-4
"0",0.9994532694671239,5.46730532876098E-4
"0",0.998117699119477,0.0018823008805229386
"0",0.9991225284225036,8.774715774963885E-4
"0",0.9963228689667247,0.003677131033275235
"0",0.9864231150883997,0.013576884911600268
"0",0.9926064085807083,0.007393591419291691
"0",0.9882689358741454,0.011731064125854562
"0",0.9370418166719311,0.06295818332806886
"0",0.798905216254456,0.20109478374554404
"0",0.8831556513302659,0.1168443486697342
"0",0.9183933293212228,0.08160667067877726
"0",0.5831082945999013,0.4168917054000987
"0",0.5640263909970608,0.43597360900293924
"0",0.8479869450897694,0.15201305491023068
"0",0.972058166732748,0.027941833267251918
"0",0.9993361518388009,6.638481611990945E-4
"0",0.9988248109340166,0.0011751890659833833
"0",0.9995305443328706,4.694556671294208E-4
"0",0.9990830920167589,9.169079832410755E-4
"0",0.9936943286610775,0.006305671338922404
"0",0.9945591686604782,0.005440831339521789
"0",0.9997026251158546,2.973748841453822E-4
"0",0.9977545181998143,0.0022454818001857394
"0",0.9987020165397551,0.0012979834602448487
"0",0.999670831762232,3.291682377679143E-4
"0",0.9993059001856913,6.940998143086313E-4
"0",0.9997939789866986,2.0602101330136484E-4
"0",0.9998857264773142,1.1427352268583404E-4
"0",0.9996329504678875,3.670495321125291E-4
"0",0.9998344415415982,1.6555845840179298E-4
"0",0.9997310338684419,2.689661315581389E-4
"0",0.9997123441086875,2.8765589131250833E-4
"0",0.9994161514604339,5.83848539566061E-4
"0",0.9988956236187508,0.0011043763812491714
"0",0.9993166103397385,6.833896602615088E-4
"0",0.9993954552261997,6.045447738003869E-4
"0",0.9985170369079882,0.0014829630920117937
"0",0.9985170369079882,0.0014829630920117937
"0",0.9982246910104247,0.0017753089895753114
"0",0.9982152065394234,0.0017847934605765624
"0",0.9991413477028149,8.586522971850154E-4
"0",0.9981532877140484,0.0018467122859515247
"0",0.9991402674983296,8.597325016703478E-4
"0",0.9991402674983296,8.597325016703478E-4
"0",0.9999491732345915,5.082676540845339E-5
"0",0.9997581609983732,2.41839001626752E-4
"0",0.9971892350244058,0.002810764975594156
"0",0.9991106191673528,8.893808326472411E-4
"0",0.9968983617199053,0.0031016382800947255
"0",0.997806836268458,0.0021931637315419947
"0",0.9990157649961567,9.842350038432588E-4
"0",0.9996284752885571,3.7152471144289714E-4
"0",0.7588646352665498,0.24113536473345018
"1",0.012769634431761823,0.9872303655682382
"1",7.682917867840588E-4,0.9992317082132159
"0",0.9845700635563057,0.015429936443694335
"0",0.9365731433255207,0.06342685667447931
"0",0.6023740747708923,0.39762592522910767
"0",0.9939507566541337,0.006049243345866305
"0",0.9991394981330699,8.605018669300775E-4
"0",0.9988893611486558,0.0011106388513441635
"0",0.9976600332131511,0.0023399667868488397
"0",0.9873018312425,0.01269816875749996
"0",0.9569456779812012,0.0430543220187988
"0",0.9581345425587278,0.04186545744127222
"0",0.948525808947847,0.05147419105215295
"0",0.9983886928286482,0.0016113071713518053
"0",0.9979615908067969,0.0020384091932031194
"0",0.9980510264725737,0.0019489735274263245
"0",0.9980812361157994,0.0019187638842006474
"0",0.998808218566694,0.0011917814333059556
"0",0.9987672648879454,0.0012327351120545796
"0",0.9991519514668501,8.480485331498706E-4
"0",0.9994590210709074,5.40978929092574E-4
"0",0.9990595017058779,9.404982941221488E-4
"0",0.9991434348533794,8.565651466205348E-4
"0",0.9981742445806906,0.0018257554193093811
"0",0.9971386881395229,0.0028613118604770616
"0",0.997988696512426,0.002011303487573891
"0",0.9994574900573471,5.42509942652928E-4
"0",0.9874877040530217,0.012512295946978383
"0",0.9984468998298018,0.00155310017019812
"0",0.9937035331207108,0.006296466879289247
"0",0.9330510491340979,0.0669489508659021
"0",0.9462946552164959,0.05370534478350411
"0",0.9883238170566178,0.011676182943382223
"0",0.9991114985761375,8.885014238625246E-4
"0",0.998834896243099,0.0011651037569010978
"0",0.9995436845310236,4.563154689764284E-4
"0",0.9981548815748275,0.0018451184251725098
"0",0.9955240308004061,0.004475969199593898
"0",0.9979498558350149,0.002050144164985102
"0",0.9992005023213718,7.994976786282083E-4
"0",0.9983859589079516,0.0016140410920484885
"0",0.9985800354977269,0.0014199645022731058
"0",0.9995096263844293,4.903736155706617E-4
"0",0.9985882512293677,0.0014117487706323572
"0",0.9997448985660544,2.5510143394560616E-4
"0",0.9998105697563113,1.894302436886387E-4
"0",0.9995778793048625,4.221206951375064E-4
"0",0.9999270931955359,7.290680446410831E-5
"0",0.9998246699505223,1.7533004947771632E-4
"0",0.9998192506968283,1.807493031716445E-4
"0",0.9995809514908821,4.190485091179141E-4
"0",0.9990148535866914,9.851464133085568E-4
"0",0.9989510156442247,0.0010489843557753133
"0",0.9989740525873774,0.0010259474126226012
"0",0.9993165117035353,6.834882964646459E-4
"0",0.9989029134453593,0.0010970865546406638
"0",0.9988921150911698,0.001107884908830228
"0",0.998459307954414,0.0015406920455860742
"0",0.9990510206986828,9.489793013171757E-4
"0",0.9985742927133311,0.0014257072866688634
"0",0.9985602644877699,0.0014397355122300803
"0",0.9990846400103512,9.153599896487523E-4
"0",0.9986835807456167,0.001316419254383334
"0",0.9986835807456167,0.001316419254383334
"0",0.9980314544654301,0.0019685455345699425
"0",0.9991402674983296,8.597325016703478E-4
"0",0.9991448403660044,8.55159633995608E-4
"0",0.9991684401768026,8.315598231973661E-4
"0",0.9984241734406177,0.0015758265593822538
"0",0.998369584644332,0.0016304153556679936
"0",0.9971892350244058,0.002810764975594156
"0",0.998827919623936,0.0011720803760639608
"0",0.999499000654286,5.00999345713983E-4
"0",0.9988216540577339,0.0011783459422661097
"0",0.9988265261369208,0.001173473863079251
"0",0.9987750665496348,0.0012249334503651808
"0",0.9989731677748742,0.0010268322251258102
"0",0.986094254198332,0.013905745801668014
"0",0.9953130480637769,0.0046869519362231936
"0",0.9945813525164667,0.005418647483533226
"0",0.9888928452365233,0.011107154763476733
"0",0.9980994375867966,0.0019005624132033888
"0",0.9987238949037976,0.0012761050962023545
"0",0.9993123856996232,6.87614300376768E-4
"0",0.9975557168944716,0.0024442831055283784
"0",0.996039323098857,0.0039606769011430384
"0",0.9987317384342018,0.0012682615657981287
"0",0.9923405766850243,0.0076594233149756994
"0",0.9888876818514813,0.01111231814851867
"0",0.9991303354930524,8.696645069475712E-4
"0",0.9991488595278445,8.511404721554753E-4
"0",0.9972749462329297,0.0027250537670703828
"0",0.9986777458714399,0.0013222541285601139
"0",0.9988815849699146,0.0011184150300853886
"0",0.9994688237293367,5.311762706633273E-4
"0",0.9984837517292993,0.0015162482707007244
"0",0.9881365348836414,0.011863465116358596
"0",0.7624645287353072,0.23753547126469274
"0",0.45999918406251894,0.5400008159374811
"0",0.49313333951037874,0.5068666604896213
"0",0.5914694680999677,0.40853053190003225
"1",0.3719428556351667,0.6280571443648333
"1",0.36013110519915237,0.6398688948008476
"0",0.8606049332731065,0.13939506672689353
"0",0.976627651705347,0.023372348294652952
"0",0.9923141208182116,0.007685879181788389
"0",0.9954290411089296,0.004570958891070401
"0",0.9993701949755042,6.298050244958513E-4
"0",0.9993548308301696,6.451691698303992E-4
"0",0.9997420698222571,2.5793017774288754E-4
"0",0.999455847630771,5.44152369229021E-4
"0",0.9993194192887485,6.805807112515533E-4
"0",0.9963871809057612,0.003612819094238861
"0",0.9966708947772643,0.0033291052227356534
"0",0.9994379439381869,5.620560618131951E-4
"0",0.9990434731913038,9.565268086961881E-4
"0",0.9938048494872356,0.006195150512764475
"0",0.999757741928869,2.422580711310231E-4
"0",0.9998185103860309,1.81489613969147E-4
"0",0.9999354169750159,6.458302498416674E-5
"0",0.9988974813941149,0.0011025186058850251
"0",0.9989033442096971,0.0010966557903029268
"0",0.9990513768137891,9.486231862109054E-4
"0",0.9990463046375819,9.536953624180314E-4
"0",0.9990463046375819,9.536953624180314E-4
"0",0.9990535820537823,9.464179462177659E-4
"0",0.9990485216575034,9.514783424966254E-4
"0",0.9990485216575034,9.514783424966254E-4
"0",0.9990485216575034,9.514783424966254E-4
"0",0.9981389654227324,0.0018610345772675728
"0",0.9996364785567905,3.635214432095328E-4
"0",0.9991116811757061,8.883188242938194E-4
"0",0.9992417129713312,7.582870286687678E-4
"0",0.9992522981537623,7.477018462377582E-4
"0",0.9965144926858188,0.0034855073141812232
"0",0.9988279853195445,0.0011720146804555034
"0",0.9988402156029721,0.0011597843970279514
"0",0.9996422026203976,3.5779737960238905E-4
"0",0.9991446694858525,8.553305141475298E-4
"0",0.9979307162443802,0.00206928375561978
"0",0.9412476388542567,0.058752361145743386
"0",0.9938896515040998,0.006110348495900178
"1",0.0010377502634264513,0.9989622497365735
"1",0.00895844673124857,0.9910415532687514
"0",0.9383072236328396,0.06169277636716043
"0",0.5882633655673207,0.41173663443267927
"0",0.9920259815599868,0.007974018440013268
"0",0.9932694862384763,0.006730513761523695
"0",0.9989807227399305,0.0010192772600694296
"0",0.9993804392004174,6.195607995825502E-4
"0",0.996744000666593,0.00325599933340703
"0",0.9997714048407476,2.2859515925238895E-4
"0",0.9994520985755394,5.479014244605697E-4
"0",0.9996687268489346,3.3127315106541906E-4
"0",0.9995267187548127,4.7328124518725856E-4
"0",0.9994120909204133,5.879090795867594E-4
"0",0.9983767910909862,0.0016232089090138305
"0",0.9985613053785314,0.0014386946214685707
"0",0.9953851901039686,0.004614809896031313
"0",0.9953851901039686,0.004614809896031313
"0",0.9988287622571418,0.001171237742858205
"0",0.9980674144286708,0.0019325855713292872
"0",0.9960056703416817,0.003994329658318276
"0",0.9991248663249567,8.751336750432864E-4
"0",0.9994544548150973,5.455451849027165E-4
"0",0.9985716154875203,0.0014283845124796921
"1",0.4391354754302361,0.5608645245697639
"0",0.4499493038386013,0.5500506961613987
"1",0.23991828774096646,0.7600817122590335
"0",0.5535460324313937,0.44645396756860634
"0",0.7899601674746217,0.21003983252537828
"0",0.8109632401785243,0.1890367598214757
"0",0.871056724716094,0.12894327528390603
"0",0.9980272546219672,0.0019727453780328435
"0",0.9986630311003815,0.0013369688996185134
"0",0.999470581977834,5.294180221659833E-4
"0",0.9999116956823255,8.830431767446525E-5
"0",0.9998303495929007,1.6965040709923706E-4
"0",0.9998128277464758,1.8717225352417286E-4
"0",0.9999048234359703,9.51765640296464E-5
"0",0.9999041300124732,9.586998752671767E-5
"0",0.9998948081160132,1.0519188398682657E-4
"0",0.9999061307971279,9.386920287211641E-5
"0",0.9999301908284868,6.98091715131871E-5
"0",0.99996425622303,3.5743776970031614E-5
"0",0.99996425622303,3.5743776970031614E-5
"0",0.9999232506198622,7.674938013782112E-5
"0",0.9998623295639311,1.3767043606889977E-4
"0",0.9997563633115109,2.4363668848919397E-4
"0",0.9996568491199431,3.4315088005684345E-4
"0",0.9985183452125476,0.0014816547874524366
"0",0.9997424572094759,2.5754279052418423E-4
"0",0.9998036624435198,1.9633755648015217E-4
"0",0.9998170740211331,1.8292597886689204E-4
"0",0.9999362928223169,6.370717768315356E-5
"0",0.9999628491749492,3.715082505079593E-5
"0",0.9998976053360874,1.0239466391255394E-4
"0",0.999800991001589,1.9900899841100207E-4
"0",0.9999580008448907,4.19991551092621E-5
"0",0.9999580008448907,4.19991551092621E-5
"0",0.999599842501174,4.0015749882600405E-4
"0",0.9995970770591764,4.0292294082353367E-4
"0",0.9995952806058372,4.047193941627987E-4
"0",0.9995955111486063,4.0448885139362687E-4
"0",0.9998274551084924,1.7254489150769385E-4
"0",0.9999471547039719,5.284529602815328E-5
"0",0.9999428313166132,5.7168683386768905E-5
"0",0.9999521436658867,4.7856334113256875E-5
"0",0.9998157888791501,1.8421112084983336E-4
"0",0.9999056415028804,9.43584971195414E-5
"0",0.9999211944681011,7.880553189888814E-5
"0",0.9985747359208519,0.001425264079148112
"0",0.9982535074380966,0.0017464925619033891
"0",0.9983033672514069,0.001696632748593124
"0",0.9936939368887717,0.006306063111228241
"0",0.9972868843226749,0.002713115677325132
"0",0.9836925685363015,0.01630743146369856
"0",0.9774533449255522,0.022546655074447752
"1",0.007203177985036335,0.9927968220149637
"1",6.800791930887673E-4,0.9993199208069112
"0",0.8054004605414884,0.19459953945851166
"0",0.5191740564712307,0.4808259435287693
"0",0.7927798892950491,0.207220110704951
"0",0.9863443163796475,0.013655683620352568
"0",0.9984241030157361,0.001575896984263816
"0",0.9984529847506469,0.0015470152493531073
"0",0.9951352708003002,0.0048647291996997835
"0",0.9986604538536947,0.0013395461463052965
"0",0.9994916178778094,5.083821221905654E-4
"0",0.9997173644451044,2.8263555489563096E-4
"0",0.9997793481077937,2.2065189220631245E-4
"0",0.998009606302776,0.001990393697223976
"0",0.9970788869824411,0.0029211130175589538
"0",0.9981540268480875,0.0018459731519125382
"0",0.997985401365965,0.002014598634035021
"0",0.9987742399431684,0.0012257600568315696
"0",0.9986302808152429,0.001369719184757091
"0",0.9993503977660892,6.496022339107719E-4
"0",0.999520033010145,4.799669898549515E-4
"0",0.9989151755274142,0.0010848244725858197
"0",0.9988987508266831,0.001101249173316845
"0",0.9988332860975893,0.001166713902410752
"0",0.9972285209538799,0.0027714790461201193
"0",0.9982074571104426,0.0017925428895574733
"0",0.9962758386519264,0.003724161348073684
"0",0.9965852906396201,0.0034147093603799352
"0",0.998701781899704,0.001298218100295962
"0",0.9979941671722371,0.0020058328277628864
"0",0.9895505896115904,0.01044941038840966
"0",0.9818178917612809,0.018182108238719148
"0",0.9331805896755132,0.06681941032448674
"0",0.997982191164472,0.002017808835528008
"0",0.9992403137986655,7.596862013344314E-4
"0",0.998627333077435,0.0013726669225650268
"0",0.9985922398207455,0.001407760179254434
"0",0.9988633737143334,0.0011366262856665865
"0",0.9974432329014497,0.0025567670985503902
"0",0.9985593750584375,0.0014406249415625492
"0",0.9971288853099541,0.0028711146900459003
"0",0.9989087345501562,0.0010912654498438051
"0",0.99874523401965,0.001254765980350021
"0",0.9962629201199347,0.003737079880065354
"0",0.9967422476228851,0.003257752377114844
"0",0.9996575382774514,3.424617225486107E-4
"0",0.9997239222832499,2.7607771675008E-4
"0",0.9996825958868855,3.174041131145833E-4
"0",0.999911217834226,8.878216577397543E-5
"0",0.9998704711482083,1.2952885179173793E-4
"0",0.9998699746832531,1.300253167468698E-4
"0",0.9998923617131652,1.0763828683480623E-4
"0",0.9992974896300343,7.025103699657172E-4
"0",0.9997007929228949,2.9920707710507494E-4
"0",0.9995048590709724,4.951409290276257E-4
"0",0.9992402746764671,7.597253235328891E-4
"0",0.9995007182941623,4.992817058377349E-4
"0",0.9998995098234288,1.0049017657124193E-4
"0",0.9999426923899221,5.730761007792597E-5
"0",0.9990771592201612,9.228407798388434E-4
"0",0.9995955111486063,4.0448885139362687E-4
"0",0.9995955118354461,4.0448816455383377E-4
"0",0.9991991963670204,8.008036329795961E-4
"0",0.999897685900294,1.0231409970597053E-4
"0",0.9999151206859576,8.487931404241943E-5
"0",0.9999155806058,8.441939420001602E-5
"0",0.9975574739784274,0.0024425260215725987
"0",0.9974655552557512,0.002534444744248846
"0",0.9996502162889682,3.497837110317272E-4
"0",0.9998156066783048,1.843933216951285E-4
"0",0.9969816270520366,0.0030183729479633476
"0",0.9966969600108538,0.0033030399891462053
"0",0.9991774233483711,8.225766516288516E-4
"0",0.9393797958252441,0.06062020417475585
"0",0.9900042983416969,0.009995701658303066
"0",0.7161776640049339,0.2838223359950661
"1",3.617406955448432E-4,0.9996382593044552
"1",0.04731866398349016,0.9526813360165098
"0",0.7201152373450281,0.27988476265497186
"0",0.9917955057796074,0.008204494220392653
"0",0.9901491084035211,0.009850891596478928
"0",0.9992477100827295,7.522899172704645E-4
"0",0.9976002248787531,0.0023997751212468856
"0",0.9992255111048407,7.744888951592727E-4
"0",0.9990050512169732,9.94948783026756E-4
"0",0.9990838780790089,9.161219209910567E-4
"0",0.996233500739578,0.003766499260422094
"0",0.9996254576442907,3.7454235570935293E-4
"0",0.9996100114084778,3.8998859152218537E-4
"0",0.9996108678198804,3.8913218011957E-4
"0",0.9988333904724201,0.0011666095275798482
"0",0.9992525159157633,7.474840842367239E-4
"0",0.9996006688847838,3.9933111521615796E-4
"0",0.9990894521496728,9.105478503271451E-4
"0",0.9985012953275478,0.0014987046724521775
"0",0.9984781731322508,0.0015218268677491707
"0",0.8684517991352575,0.13154820086474248
"0",0.8912665165380531,0.1087334834619469
"0",0.7767454287464512,0.2232545712535487
"0",0.8622115384460065,0.1377884615539935
"0",0.9322692586120099,0.06773074138799005
"0",0.9727027975511275,0.027297202448872484
"0",0.9990760760508731,9.23923949126924E-4
"0",0.9993218362796986,6.781637203013656E-4
"0",0.9993050318723321,6.949681276678391E-4
"0",0.9989520668840371,0.001047933115962842
"0",0.9992729839201239,7.270160798761373E-4
"0",0.9995772585576316,4.2274144236839693E-4
"0",0.999895347116108,1.0465288389202001E-4
"0",0.9998970321258251,1.029678741748667E-4
"0",0.9998506582992046,1.4934170079538043E-4
"0",0.9986776737690051,0.0013223262309949493
"0",0.999826436613109,1.73563386891057E-4
"0",0.9998730172332104,1.269827667895495E-4
"0",0.9998068121895448,1.931878104552265E-4
"0",0.999869579419906,1.304205800940307E-4
"0",0.9999471625424972,5.283745750286448E-5
"0",0.9997866491438339,2.1335085616613797E-4
"0",0.9997579861160164,2.4201388398356803E-4
"0",0.9988525902628507,0.0011474097371493783
"0",0.9987997713256247,0.0012002286743753178
"0",0.9992893723995193,7.106276004807098E-4
"0",0.999296476372355,7.035236276449764E-4
"0",0.999296476372355,7.035236276449764E-4
"0",0.9992964775666116,7.035224333884056E-4
"0",0.999296476372355,7.035236276449764E-4
"0",0.9990463046375819,9.536953624180314E-4
"0",0.9998377040037523,1.6229599624768398E-4
"0",0.9993539721934314,6.460278065685925E-4
"0",0.9947639172648457,0.005236082735154298
"0",0.9975579222633171,0.0024420777366829334
"0",0.996703665724385,0.0032963342756150388
"0",0.9972582015413808,0.002741798458619206
"0",0.9993833669453168,6.16633054683229E-4
"0",0.951938504026141,0.04806149597385901
"0",0.994792323724052,0.005207676275947987
"0",0.44590255673841284,0.5540974432615872
"1",0.005360630721977455,0.9946393692780225
"1",0.03538579677907561,0.9646142032209244
"1",0.007503997963424824,0.9924960020365752
"0",0.9923232397971913,0.007676760202808744
"0",0.9728631988213029,0.027136801178697073
"0",0.997145121976891,0.0028548780231090545
"0",0.9986421331909584,0.00135786680904161
"0",0.9978257833206047,0.002174216679395275
"0",0.9979943525825231,0.0020056474174769048
"0",0.9994894112467556,5.105887532444095E-4
"0",0.9994521336130053,5.478663869947094E-4
"0",0.9916417823199299,0.008358217680070078
"0",0.9971623614467409,0.0028376385532591494
"0",0.9974279330641866,0.0025720669358133496
"0",0.9987672648879454,0.0012327351120545796
"0",0.9994590210709074,5.40978929092574E-4
"0",0.9994544548150973,5.455451849027165E-4
"0",0.9992759823548564,7.240176451436592E-4
"0",0.9992757083605858,7.242916394141997E-4
"0",0.9979994877173455,0.002000512282654562
"0",0.9992805188053377,7.194811946622764E-4
"0",0.9976429512727748,0.0023570487272252137
"0",0.9959699158899487,0.0040300841100513445
"0",0.9991787588691559,8.212411308440895E-4
"0",0.9989881830769917,0.00101181692300839
"0",0.9862962991673154,0.013703700832684518
"0",0.9909211958830799,0.00907880411692003
"0",0.9966777168882955,0.003322283111704509
"0",0.9945088968198318,0.005491103180168165
"0",0.9977161411788638,0.0022838588211362303
"0",0.9957490809868749,0.004250919013125128
"0",0.998978032612878,0.001021967387122053
"0",0.9977916412793214,0.00220835872067861
"0",0.9993828928300927,6.171071699072182E-4
"0",0.9987772988602062,0.0012227011397938693
"0",0.9996103436914963,3.8965630850369877E-4
"0",0.9970481746792543,0.0029518253207456526
"0",0.9998142997121336,1.857002878663227E-4
"0",0.9998582792044416,1.4172079555837104E-4
"0",0.9998284602436758,1.715397563242157E-4
"0",0.9996321217885868,3.678782114131482E-4
"0",0.9992634416583436,7.365583416564586E-4
"0",0.9998583320856667,1.4166791433332436E-4
"0",0.9999651598879922,3.484011200780875E-5
"0",0.9999644464980778,3.55535019222411E-5
"0",0.9999402282080895,5.977179191047126E-5
"0",0.9999393886253539,6.061137464605719E-5
"0",0.9998739925024575,1.260074975425273E-4
"0",0.999874140378968,1.2585962103199214E-4
"0",0.9999254873425064,7.451265749361662E-5
"0",0.9996979135652608,3.020864347391737E-4
"0",0.9996979135652608,3.020864347391737E-4
"0",0.9998031505600117,1.968494399883408E-4
"0",0.9999573081087232,4.269189127679132E-5
"0",0.999925130800573,7.486919942696542E-5
"0",0.9998031505600117,1.968494399883408E-4
"0",0.9995938313836068,4.0616861639325056E-4
"0",0.999426654914189,5.733450858109813E-4
"0",0.9998867791834305,1.1322081656948029E-4
"0",0.9997949337343955,2.050662656044409E-4
"0",0.999830503360547,1.694966394530072E-4
"0",0.9998304740851053,1.695259148946946E-4
"0",0.9983101774269192,0.001689822573080863
"0",0.9984727283752696,0.001527271624730406
"0",0.9966963542051047,0.003303645794895266
"0",0.9967030611444527,0.0032969388555472495
"0",0.9980158268290112,0.001984173170988783
"0",0.9984177446675175,0.0015822553324824102
"0",0.9986741167805431,0.001325883219456898
"0",0.9731854364614676,0.02681456353853244
"0",0.9948988541611831,0.005101145838816895
"1",0.23393231790522806,0.7660676820947719
"1",0.005140424395359999,0.99485957560464
"1",0.011275078792139515,0.9887249212078605
"0",0.7856111428306497,0.2143888571693503
"0",0.9472275005968089,0.05277249940319108
"0",0.4780547275781898,0.5219452724218102
"0",0.9985802982293435,0.0014197017706565624
"0",0.9990047160231021,9.952839768978836E-4
"0",0.9992158148428848,7.841851571152235E-4
"0",0.9987280057915169,0.0012719942084831412
"0",0.9990836998915716,9.163001084283271E-4
"0",0.999279155498014,7.20844501985947E-4
"0",0.9993928417160618,6.071582839382486E-4
"0",0.9992659890980871,7.340109019129124E-4
"0",0.9945649948656,0.005435005134399964
"0",0.996617768208259,0.003382231791741074
"0",0.9971263693073407,0.0028736306926593347
"0",0.9991195118916988,8.804881083012492E-4
"0",0.9992530480838678,7.469519161321934E-4
"0",0.9995543851779713,4.456148220286554E-4
"0",0.9999623840272905,3.761597270950322E-5
"0",0.9999337704268791,6.622957312091167E-5
"0",0.9998331973314337,1.6680266856627785E-4
"0",0.9996538427521335,3.46157247866439E-4
"0",0.9986630311003815,0.0013369688996185134
"0",0.9895505896115904,0.01044941038840966
"0",0.9807179142398048,0.019282085760195234
"0",0.9597736068037331,0.040226393196266835
"0",0.9969369206458231,0.003063079354176961
"0",0.9987575160738189,0.0012424839261811023
"0",0.9993070394295281,6.929605704718541E-4
"0",0.9992872142680334,7.127857319666004E-4
"0",0.9992166810242312,7.833189757688159E-4
"0",0.9990797833365922,9.202166634078324E-4
"0",0.9980287595974495,0.001971240402550481
"0",0.9996357786307731,3.642213692269181E-4
"0",0.9998521336922361,1.478663077638139E-4
"0",0.9993835836657471,6.164163342529022E-4
"0",0.9984309148806657,0.0015690851193343356
"0",0.999497100573385,5.02899426614972E-4
"0",0.9975348039009453,0.002465196099054745
"0",0.9987097584554602,0.0012902415445398732
"0",0.999656385866089,3.4361413391108015E-4
"0",0.9999447326911015,5.526730889851251E-5
"0",0.999941822891905,5.817710809498631E-5
"0",0.9999448183758327,5.5181624167253255E-5
"0",0.999939426364231,6.057363576898235E-5
"0",0.9988132707048152,0.001186729295184825
"0",0.9992901214819233,7.098785180767042E-4
"0",0.9992893723995193,7.106276004807098E-4
"0",0.9988075920208868,0.0011924079791132223
"0",0.9988134418789728,0.0011865581210271437
"0",0.999296476372355,7.035236276449764E-4
"0",0.9995945688287496,4.0543117125039265E-4
"0",0.9995955118354461,4.0448816455383377E-4
"0",0.9981153945171779,0.0018846054828220607
"0",0.9998998537344816,1.0014626551831445E-4
"0",0.999915811877075,8.418812292497856E-5
"0",0.9996789964742147,3.210035257853337E-4
"0",0.9993752739073832,6.247260926167652E-4
"0",0.9936336707739949,0.0063663292260051265
"0",0.9986361094921264,0.0013638905078736008
"0",0.9991495890548133,8.504109451866671E-4
"0",0.9986038486328208,0.0013961513671792009
"0",0.9963569358175841,0.0036430641824159414
"0",0.9787111616535095,0.021288838346490545
"0",0.6222123517097833,0.37778764829021666
"1",2.686308682825489E-4,0.9997313691317175
"1",0.011245769942905381,0.9887542300570946
"1",0.018638864839295333,0.9813611351607047
"0",0.9559001458703448,0.04409985412965521
"0",0.9962233418401687,0.003776658159831271
"0",0.9963852068097784,0.0036147931902216113
"0",0.9989135645089967,0.0010864354910033183
"0",0.9926804363816253,0.00731956361837476
"0",0.9993601652337797,6.398347662203061E-4
"0",0.9997903681377195,2.096318622805216E-4
"0",0.9997890963042975,2.109036957025493E-4
"0",0.999626888415943,3.731115840569211E-4
"0",0.9975557168944716,0.0024442831055283784
"0",0.9988012036009795,0.0011987963990205746
"0",0.9982342571422651,0.0017657428577348823
"0",0.998813018374671,0.0011869816253290563
"0",0.9979353022357141,0.002064697764285811
"0",0.9972645854986691,0.002735414501330833
"0",0.994531366341914,0.005468633658085998
"0",0.9990567576958416,9.432423041583937E-4
"0",0.998363097414067,0.0016369025859329877
"0",0.9994082338705416,5.917661294584227E-4
"0",0.9997603331851521,2.3966681484792262E-4
"0",0.9968036638638436,0.003196336136156495
"0",0.9988139384548324,0.0011860615451676439
"0",0.9988770488559162,0.0011229511440837767
"0",0.998294702416559,0.0017052975834410114
"0",0.9988396360563137,0.0011603639436863508
"0",0.9509548643685464,0.04904513563145364
"0",0.7670153474032064,0.23298465259679355
"1",0.22309804419968604,0.776901955800314
"1",0.19373780320016898,0.806262196799831
"0",0.9871240787430551,0.012875921256944907
"0",0.9923629224979215,0.007637077502078551
"0",0.9950269862486274,0.004973013751372608
"0",0.9961020150839383,0.003897984916061749
"0",0.9950520459617143,0.004947954038285735
"0",0.998971583443294,0.0010284165567059928
"0",0.9994321433481759,5.678566518241458E-4
"0",0.9999133546341048,8.664536589520946E-5
"0",0.9998733361885113,1.2666381148874106E-4
"0",0.9987501023447365,0.0012498976552634852
"0",0.9990679413619635,9.320586380364427E-4
"0",0.9998580242804452,1.4197571955479882E-4
"0",0.9999652125139263,3.478748607366142E-5
"0",0.9999126207707887,8.737922921132446E-5
"0",0.9998930043428503,1.0699565714963037E-4
"0",0.9997578831162431,2.421168837569047E-4
"0",0.999734268156714,2.6573184328603785E-4
"0",0.9990756464568828,9.243535431171694E-4
"0",0.9987846841682473,0.0012153158317526724
"0",0.9988182524759688,0.0011817475240311875
"0",0.9987285543723879,0.0012714456276120458
"0",0.9988134418789728,0.0011865581210271437
"0",0.9992972179716293,7.027820283707557E-4
"0",0.999296476372355,7.035236276449764E-4
"0",0.999296476372355,7.035236276449764E-4
"0",0.9990542105133308,9.457894866692606E-4
"0",0.9990463046375819,9.536953624180314E-4
"0",0.9990463046375819,9.536953624180314E-4
"0",0.9990485216575034,9.514783424966254E-4
"0",0.9979568110149163,0.00204318898508367
"0",0.9998025471461438,1.9745285385614113E-4
"0",0.9998891780838468,1.1082191615318743E-4
"0",0.9999595588173165,4.044118268358615E-5
"0",0.9999595588173165,4.044118268358615E-5
"0",0.9999059929366578,9.400706334212473E-5
"0",0.9970131274139273,0.0029868725860726095
"0",0.9988191615890737,0.0011808384109262718
"0",0.9981023256549173,0.0018976743450826853
"0",0.9991025506454292,8.974493545707941E-4
"0",0.8379142653944118,0.16208573460558817
"0",0.9387044705195154,0.06129552948048451
"1",0.021915899969318198,0.9780841000306818
"1",3.617406955448432E-4,0.9996382593044552
"1",0.06371334543394702,0.936286654566053
"1",0.004588210330644271,0.9954117896693557
"0",0.903773173561968,0.09622682643803207
"0",0.9999121929928265,8.780700717349888E-5
"0",0.999678083537832,3.219164621679662E-4
"0",0.9998385063976388,1.6149360236115574E-4
"0",0.9997176891503888,2.8231084961111456E-4
"0",0.9991528428344902,8.471571655097606E-4
"0",0.9876151107053297,0.012384889294670257
"0",0.9986661849736607,0.0013338150263393174
"0",0.9985937418089136,0.001406258191086408
"0",0.999175421726788,8.245782732120842E-4
"0",0.999178980169756,8.210198302439262E-4
"0",0.9986682883343453,0.0013317116656546561
"0",0.9986302808152429,0.001369719184757091
"0",0.9991205605525103,8.794394474896393E-4
"0",0.9994070625029077,5.929374970922892E-4
"0",0.9981701429729656,0.0018298570270343724
"0",0.9974561532118281,0.002543846788171855
"0",0.9985629720177549,0.0014370279822451526
"0",0.9978547652427636,0.0021452347572363498
"0",0.9959763548865315,0.00402364511346852
"0",0.9980004555590591,0.0019995444409408895
"0",0.9970613347300576,0.0029386652699423727
"0",0.9552392105403887,0.04476078945961129
"0",0.8221357452926978,0.1778642547073021
"0",0.7643182330076744,0.2356817669923256
"0",0.8743442013212718,0.12565579867872825
"0",0.5759358493134683,0.4240641506865317
"1",0.3091236858431884,0.6908763141568116
"1",0.3872337584372404,0.6127662415627596
"0",0.4451389399925013,0.5548610600074987
"0",0.8772916564988569,0.12270834350114314
"0",0.926442945892358,0.07355705410764207
"0",0.9956098050023562,0.004390194997643778
"0",0.9930755721494595,0.006924427850540451
"0",0.9975954030150768,0.0024045969849231966
"0",0.9973446109563961,0.0026553890436038104
"0",0.9988730445390642,0.001126955460935787
"0",0.9995457026087984,4.5429739120159146E-4
"0",0.9992697574106796,7.302425893204532E-4
"0",0.9997760689685639,2.239310314361808E-4
"0",0.9957500071806852,0.004249992819314832
"0",0.9992520936691242,7.479063308758303E-4
"0",0.9997881506483581,2.118493516418991E-4
"0",0.9996443902246356,3.5560977536438755E-4
"0",0.9999034516021637,9.654839783638955E-5
"0",0.9999264161497772,7.358385022277743E-5
