fecha_hora,ax,ay,az,gx,gy,gz,hay_paso
233,-0.427246094,0.900390625,-0.741210938,34.22191238,-18.18805695,-18.44722557,0
255,-0.134277344,0.166503906,-0.745117188,33.21427917,-32.49339676,18.45353699,0
276,0.124511719,0.481445313,-0.94921875,24.32878494,-36.93614578,8.926819801,0
299,0.104492188,0.951660156,-1.049316406,0.191379547,-38.81400681,-79.98921204,0
319,-0.262207031,0.802246094,-1.288574219,-22.52617645,-45.0888176,-114.111351,0
339,-0.287109375,0.303710938,-1.381835938,-41.50327682,-50.03538132,-92.84417725,0
361,-0.315917969,0.24609375,-1.234375,-61.70174789,-43.21095657,-22.72203445,0
382,-0.057128906,0,-1.034179688,-69.59488678,-32.61553574,20.68254471,0
406,0.059082031,-0.027832031,-1.041992188,-63.01472855,-19.25675774,12.91155243,0
427,-0.030761719,0.015625,-1.012207031,-53.76281738,-13.47049904,-16.43195915,0
450,-0.17578125,-0.139160156,-0.989746094,-41.6254158,-14.09645271,-35.1037178,0
472,-0.299804688,-0.192871094,-0.981933594,-29.12159729,-15.0888195,-29.95867729,0
496,-0.367675781,-0.272460938,-1.054199219,-15.73228455,-16.29492569,-0.706768513,0
516,-0.322265625,-0.211425781,-1.126953125,-11.25900078,-16.1575222,29.27796555,0
536,-0.209472656,-0.080078125,-1.19140625,-8.175033569,-13.8369112,42.85048294,0
558,-0.080566406,-0.015625,-1.074707031,-3.869689465,-9.226223946,32.52987289,0
581,-0.0703125,0.043945313,-1.011230469,3.076875687,-5.424697399,13.44590378,0
604,-0.129882813,0.04296875,-1.020996094,8.374586105,-1.302559972,7.079491138,0
626,-0.144042969,0.049316406,-1.067382813,11.15321159,2.712707281,18.94208717,0
647,-0.137695313,0.084472656,-1.036621094,12.02344036,7.124920845,35.87338257,0
668,-0.08203125,0.128417969,-0.858398438,15.09214211,12.42263126,38.43826675,0
690,-0.022460938,0.145019531,-0.696289063,25.03107452,19.10965347,30.49933815,0
711,0.055175781,0.063964844,-0.704101563,39.1532135,26.59057045,19.6749115,0
732,0.11328125,0.094238281,-0.731933594,52.32878494,37.52186966,12.4993391,0
754,0.108886719,0.109375,-0.618652344,61.62649536,48.6974411,2.774147749,0
775,0.026367188,0.091308594,-0.434082031,70.84786224,58.36156464,1.995521545,0
797,-0.037109375,0.021972656,-0.596191406,74.84786224,65.55239868,22.27033043,0
818,-0.12109375,-0.054199219,-0.583007813,75.55015564,60.1936264,19.36956787,0
838,-0.313964844,-0.059082031,-0.276855469,80.40511322,52.08675385,-7.561730385,1
860,2.846679688,4.615234375,-0.397949219,60.20664597,108.0256805,68.39246368,1
882,1.128417969,-1.205566406,-7.180664063,-179.6864777,-5.104086876,-19.59226418,1
908,1.557128906,-1.657714844,1.426269531,-109.5948868,18.92644691,295.7970581,1
928,-0.192871094,3.112304688,-0.482421875,-114.4651108,57.90354919,281.1253052,1
953,0.536621094,-0.1796875,-1.233398438,-64.4040451,9.995149612,-29.77547073,1
975,-0.581542969,0.541992188,-1.047851563,-37.80862045,-5.073552608,-9.271653175,0
996,-0.027832031,0.145019531,-1.131835938,-31.16740036,3.308126926,32.54513931,0
1072,-0.006347656,0.258300781,-1.150390625,-6.022361279,2.514234066,2.774147749,0
1095,0.087890625,0.287109375,-1.009765625,-7.411674023,-7.714774132,6.606208324,0
1119,0.095214844,0.428222656,-0.932617188,-6.144498348,-15.63843727,-2.935775995,0
1141,0.01171875,0.313964844,-1.066894531,-2.312437534,-18.89034653,-14.3250885,0
1164,-0.035644531,0.330566406,-1.063964844,5.71809721,-21.34836197,-11.51592827,0
1185,-0.115722656,0.333007813,-1.024902344,14.61886024,-18.41706467,-13.59226418,0
1206,-0.102539063,0.313964844,-1.099121094,17.76389885,-15.95904922,-23.53119469,0
1229,-0.057128906,0.290527344,-1.104492188,17.50435638,-14.67660618,-26.12661552,0
1251,-0.122070313,0.26171875,-1.254394531,18.61886024,-16.56973648,-30.11134911,0
1272,0.107421875,-0.317382813,-1.366210938,69.76389313,-5.241491318,3.552773714,0
1293,0.055664063,0.610351563,-0.676269531,16.46618843,-20.50866699,33.14055634,0
1315,-0.045898438,0.31640625,-0.970214844,13.84023476,-24.11172104,-8.706768036,0
1338,0.034179688,0.3984375,-0.780273438,17.2295475,-18.38652992,0.987887979,0
1358,0.041992188,0.286621094,-0.955078125,17.24481392,-13.60790348,-20.15715027,0
1378,0.008300781,0.571289063,-1.041992188,12.45092201,-11.27202606,-40.84417343,0
1400,-0.100097656,0.626953125,-1.123535156,-4.037627697,-15.86744499,-50.92050934,0
1424,-0.2109375,0.650390625,-1.239746094,-26.43457413,-23.18042183,-56.47776413,0
1447,-0.219238281,0.378417969,-1.099609375,-45.12159729,-22.90561295,-31.05791283,0
1471,-0.227539063,0.153320313,-0.985351563,-50.72465134,-22.1575222,-15.42432499,0
1494,-0.163085938,0.006835938,-0.874023438,-41.36587143,-17.79110909,-7.332722664,0
1521,-0.171386719,0.002929688,-0.875488281,-23.67121506,-15.36362839,-15.18005085,0
1543,-0.224121094,0.007324219,-1.026367188,-11.10633087,-14.70713997,-11.51592827,0
1566,-0.215332031,0.072265625,-1.131835938,-3.900223255,-13.53156757,0.255063564,0
1593,-0.135253906,0.117675781,-1.140136719,0.603593349,-7.241491318,12.80468178,0
1614,-0.088378906,0.102050781,-1.150878906,5.824967384,-1.684239268,13.53750706,0
1634,-0.103027344,0.172363281,-1.134765625,10.20664597,3.521867752,8.087124825,0
1654,-0.163574219,0.148925781,-1.076660156,12.84786797,7.384462833,-1.485394478,0
1675,-0.219238281,0.104003906,-1.027832031,15.71809769,10.34629536,-4.706768513,0
1697,-0.25,0.077148438,-1.1328125,14.54252434,11.88827991,6.636743069,0
1722,-0.177246094,-0.000488281,-0.999511719,14.46618843,12.31576061,17.11002541,0
1743,-0.098632813,-0.024414063,-0.736328125,20.63412666,14.05621815,15.84284973,0
1764,0.0390625,-0.061523438,-0.493652344,32.81733322,18.40736389,14.74361324,0
1785,0.114257813,-0.082519531,-0.548339844,46.05397415,25.4149971,8.590941429,0
1810,0.07421875,-0.03125,-0.649902344,55.64176178,34.13255692,7.018422127,0
1835,0.0234375,-0.006347656,-0.626953125,61.21427917,41.53713608,14.23979664,0
1856,0.021972656,0.01953125,-0.418457031,67.38221741,48.23942566,26.62147522,0
1880,-0.245605469,0.026367188,-0.290039063,77.77915955,45.36919785,13.52223969,0
1901,-0.476074219,-0.040527344,-0.18359375,92.92420197,18.49896622,-34.43196106,1
1925,-2.011230469,-0.23046875,-9.518554688,-49.01472855,-109.8827133,-36.47776413,1
1947,0.19921875,-2.393066406,1.802246094,-138.6788483,16.43789864,-25.02737808,1
1968,-0.201171875,1.367675781,-0.997070313,-116.5719833,52.22415924,234.896286,1
1991,0.479980469,0.854492188,-1.202636719,-78.69412231,11.36919594,-10.78310394,1
2014,-0.140136719,0.176757813,-1.178710938,-40.23609924,8.560035706,-6.111348629,1
2041,0.176757813,-0.005859375,-0.809082031,-35.7780838,-2.020117283,2.850483418,1
2063,-0.020507813,0.37890625,-0.981933594,-31.45747375,0.224157631,33.41536713,0
2208,-0.084472656,0.427734375,-1.133300781,9.428020477,-22.50866699,-9.195318222,0
2233,-0.106445313,0.389648438,-1.188964844,12.09977627,-26.32546043,-13.45485973,0
2256,-0.118164063,0.321777344,-1.106933594,13.96237183,-29.82164383,-26.30982208,0
2277,-0.194824219,0.268554688,-1.17578125,10.43565369,-28.03538513,-37.6075325,0
2300,0.045898438,-0.151855469,-1.339355469,26.58832741,-12.81401062,-29.66860008,0
2321,-0.320800781,0.283203125,-1.241210938,28.45092201,-14.1575222,50.56040573,0
2347,-0.180664063,0.492675781,-0.898925781,3.13794446,-15.40942955,-0.981577635,0
2368,-0.072265625,0.489746094,-0.556152344,-2.220834255,-11.80637646,4.224529266,0
2390,0.072265625,0.761230469,-0.703613281,-0.755185604,-14.82927799,-51.36325836,0
2412,-0.23046875,0.621582031,-0.897460938,-6.846788883,-29.30256081,-91.19532013,0
2431,-0.277832031,0.426757813,-1.092285156,-16.15976524,-38.08118439,-66.00447845,0
2451,-0.252441406,0.401367188,-1.055664063,-28.19029999,-38.21858978,-13.11898232,0
2471,-0.083984375,0.412109375,-1.025390625,-35.15213013,-33.60790253,15.17109489,0
2493,0.032714844,0.323242188,-1.029785156,-36.28190231,-25.98958206,12.4993391,0
2514,-0.016113281,0.2421875,-1.041992188,-31.93075562,-21.86744499,-9.409058571,0
2536,-0.122070313,0.059082031,-1.062011719,-23.07579613,-15.98958206,-20.63043213,0
2560,-0.144042969,-0.049804688,-1.1328125,-13.2742691,-8.17278862,-9.149516106,0
2582,-0.130371094,-0.069335938,-1.036132813,-0.587246418,1.201256871,-0.752570033,0
2605,-0.132324219,-0.010742188,-0.99609375,17.73336411,7.628737926,2.102391958,0
2628,-0.124023438,0.107910156,-1.111328125,32.4509201,12.40736389,2.514605761,0
2653,-0.125,0.183105469,-1.086425781,40.35931778,17.39973068,0.499338388,0
2675,-0.113769531,0.193847656,-1.012207031,43.56542587,24.19362259,8.132926941,0
2698,-0.168457031,0.124511719,-0.976074219,43.50435638,26.72797394,13.52223969,0
2721,-0.108398438,0.181152344,-0.892578125,43.06160736,29.64400482,28.40773582,0
2746,0.000976563,0.077148438,-0.592773438,42.83259964,32.97225189,13.75124741,0
2767,-0.00390625,-0.020996094,-0.323730469,51.5196228,36.04095459,-0.676234126,0
2789,-0.021484375,-0.159179688,-0.438964844,60.83259964,39.43026733,3.934453011,0
2810,-0.169433594,-0.145507813,-0.356933594,69.79442596,40.1172905,-3.470127106,1
2833,-0.555664063,-0.3359375,-0.064941406,89.3211441,30.78904343,-24.69150162,1
2857,1.178222656,2.6796875,-0.300292969,85.26007843,-2.432331085,-31.86707306,1
2877,4.439941406,3.137695313,-4.303710938,-204.6025085,111.5829315,148.8810272,1
2897,-3.016113281,-5.2265625,-2.253417969,-55.50327682,-88.7987442,-500.2487488,1
2917,-0.184082031,2.533203125,1.726074219,-61.04526138,112.3157578,368.0108032,1
2939,2.166503906,0.438476563,-1.462402344,-94.63304901,15.18598938,45.29322815,1
2959,-1.150390625,0.856933594,-1.625976563,-26.81625366,-2.783475876,14.71307945,1
2979,-0.145019531,0.041992188,-1.466796875,-14.23610115,-2.966681957,-5.912875652,1
3000,-0.163085938,0.473632813,-1.162597656,-3.991826534,2.437898159,18.49933815,0
3020,0.134277344,-0.0390625,-0.992675781,1.458554983,4.498966694,49.47643661,0
3043,-0.08203125,0.486328125,-1.103027344,7.702829838,-11.3330946,0.926819265,0
3067,-0.047363281,0.295410156,-1.169433594,9.657028198,-19.95904922,2.926819324,0
3088,0.006347656,0.2578125,-1.146972656,10.52725792,-26.1575222,3.751246929,0
3110,-0.061035156,0.33203125,-1.150390625,10.60359383,-32.63080215,-7.867074013,0
3131,-0.09375,0.270019531,-1.061035156,5.229547501,-37.68423843,-25.28692055,0
3154,-0.119628906,0.18359375,-1.060546875,5.947104454,-31.10408592,-28.47776031,0
3175,-0.209960938,0.133300781,-1.072753906,16.03870773,-15.89797974,-20.90524101,0
3196,-0.313964844,0.205566406,-1.165039063,11.76389885,-8.646071434,-16.69150162,0
3312,-0.122070313,0.489257813,-0.836425781,-20.29716873,-23.95904922,-111.790741,0
3335,-0.329589844,0.360839844,-0.861816406,-19.61014748,-33.95904541,-92.12661743,0
3358,-0.344238281,0.400878906,-0.970214844,-22.81625366,-36.09645081,-31.92814255,0
3378,-0.207519531,0.472167969,-0.994140625,-25.94602394,-33.94377899,6.514605522,0
3398,-0.063964844,0.517089844,-1.008300781,-26.22083473,-29.45523262,14.6062088,0
3419,-0.034179688,0.464355469,-0.986328125,-25.85442162,-24.50866699,-0.660966992,0
3443,-0.118164063,0.273925781,-0.998046875,-20.80098724,-19.85217857,-17.10371399,0
3467,-0.125976563,0.128417969,-1.069824219,-15.68648338,-11.48576641,-4.035012722,0
3489,-0.095214844,0.044433594,-1.093261719,-8.465108871,-2.310193539,7.369567394,0
3519,-0.045898438,0.060546875,-1.116699219,6.496723175,8.789043427,13.11002541,0
3540,-0.031738281,0.133300781,-1.141601563,15.38221931,16.33102798,6.224529266,0
3563,-0.037597656,0.158691406,-1.161621094,20.20664597,23.26232529,0.041323118,0
3585,-0.079589844,0.125976563,-1.186523438,24.58832741,27.5524025,2.789414883,0
3606,-0.154785156,0.095703125,-1.122558594,29.8707695,30.89591408,7.26269722,0
3628,-0.202148438,0.02734375,-0.885742188,35.16847992,31.26232529,13.84284973,0
3653,-0.223632813,-0.024414063,-0.685058594,43.32115173,29.72034073,16.56040764,0
3676,-0.186035156,-0.129882813,-0.509765625,55.27534866,30.46843147,21.43063736,0
3697,-0.131835938,-0.208496094,-0.412597656,69.30587769,32.9111824,28.42300224,0
3724,-0.124511719,-0.104003906,-0.278808594,81.93183136,41.6287384,35.56803894,0
3746,-0.207519531,0.003417969,-0.03125,84.08450317,46.66690826,2.270330906,1
3776,-0.696289063,0.016601563,0.024414063,98.5883255,29.58293533,-48.82890701,1
3796,1.711425781,7.067871094,-1.021972656,-101.9154968,178.5905762,196.2092743,1
3816,-0.711914063,-5.579589844,-8.863769531,3.595959663,-66.99721527,-500.2487488,1
3837,1.428710938,-1.410644531,2.849121094,-88.6788559,57.81194687,322.5146179,1
3859,0.731933594,2.468261719,-1.171386719,-124.9689255,28.65163803,186.5298767,1
3883,-0.654785156,0.310058594,-1.711914063,-48.44984055,5.414997101,-10.15715027,1
3905,-0.216796875,0.153320313,-1.047363281,-19.62541389,-1.42469728,-20.20295143,1
3926,-0.060058594,0.395019531,-1.064941406,-12.00709343,4.682172775,19.65964317,0
3947,0.211914063,-0.062988281,-0.981933594,-14.3429718,4.895913124,35.70544434,0
3972,-0.124023438,0.572753906,-1.113769531,-8.923124313,-2.920880318,2.514605761,0
3994,0.074707031,0.270996094,-1.087890625,-9.655948639,-15.05828476,8.270331383,0
4015,0.100097656,0.251953125,-1.003417969,-9.991827011,-21.66897202,9.690178871,0
4038,0.051757813,0.396484375,-1.012695313,-7.152131557,-27.39416313,10.54514027,0
4061,-0.021484375,0.327148438,-1.103027344,-0.190299988,-29.30256081,-1.699134946,0
4087,-0.020019531,0.303222656,-1.12109375,8.069242477,-28.98194885,-6.462493896,0
4108,-0.076171875,0.283691406,-1.065429688,15.41275406,-26.23385811,-2.065546989,0
4131,-0.079101563,0.337890625,-1.102539063,9.916570663,-25.62317085,-15.51592827,0
4154,-0.166015625,0.262207031,-1.145019531,0.130311012,-23.39416313,-38.15715027,0
4177,-0.112304688,0.078125,-1.295898438,2.313516855,-13.97431564,-33.13425064,0
4199,-0.307617188,0.113769531,-1.355957031,3.336417675,-18.02011681,13.8581171,0
4220,-0.163085938,0.408203125,-1.090332031,-13.30480385,-22.05065155,27.70544624,0
4243,0.060546875,0.333984375,-0.740722656,-9.106330872,-9.516300201,7.415368557,0
4266,0.131347656,0.489257813,-0.622558594,-6.465109348,-2.691873074,-26.98157692,0
4290,-0.142089844,0.659179688,-0.840820313,-4.678849697,-12.87507915,-84.87471008,0
4378,-0.153808594,0.336425781,-1.001953125,-9.823886871,-28.27965927,-1.088447928,0
4401,-0.065429688,0.269042969,-1.094726563,-5.274269581,-25.04301834,0.148193344,0
4420,-0.014648438,0.24609375,-1.119628906,-3.900223255,-14.95141506,5.018422127,0
4442,-0.049804688,0.211425781,-1.133300781,-2.526177883,-4.065918922,2.758880377,0
4462,-0.077148438,0.194824219,-1.150878906,1.305883408,5.10965395,3.232162952,0
4489,-0.153320313,0.133789063,-1.063476563,4.634127617,12.33102798,-6.905241966,0
4511,-0.247070313,0.05078125,-1.079101563,8.67992878,12.25469208,-7.317455769,0
4532,-0.294433594,0.003417969,-1.16015625,11.36695194,8.224157333,4.758880138,0
4555,-0.1953125,-0.017089844,-1.064941406,13.30588341,5.384462833,21.94972038,0
4577,-0.029296875,0.024902344,-0.869140625,17.15321159,8.498967171,29.5375061,0
4600,0.071289063,0.019042969,-0.650878906,26.87840271,14.75850868,28.16346169,0
4621,0.05859375,-0.012695313,-0.639160156,41.4432869,21.97988319,28.77414703,0
4642,-0.065917969,0.037109375,-0.646972656,53.47382355,25.06385231,25.49170494,0
4665,-0.154296875,0.111816406,-0.564941406,62.26771545,26.66690636,32.92681885,0
4690,-0.16015625,0.173339844,-0.645507813,65.44328308,26.54476738,34.59093857,0
4710,-0.118164063,0.165039063,-0.606445313,61.58069229,28.22415733,22.33139992,0
4729,-0.186523438,0.064453125,-0.306640625,58.66466141,27.65927124,-5.470127583,1
4750,-1.926269531,0.447753906,0.336914063,66.83259583,14.4836998,-53.28692245,1
4771,1.545410156,4.379882813,-4.142089844,-217.5185394,71.68980408,79.6138382,1
4793,-2.0234375,-5.037109375,-1.813964844,-66.02236176,-79.57736969,-500.2487488,1
4814,0.045410156,1.837890625,1.301269531,-71.44221497,105.3997269,324.7894287,1
4835,1.740722656,0.888671875,-1.442871094,-84.93839264,11.21652412,32.80467987,1
4857,-0.602539063,0.535644531,-1.254882813,-33.56434631,-4.89034605,9.094758987,1
4876,-0.172851563,0.010253906,-1.159179688,-18.06816292,-15.42469788,-16.00447845,1
4901,-0.041992188,0.434570313,-0.87890625,-13.88495636,-1.470498919,34.02605438,0
4922,-0.040039063,0.281738281,-1.056152344,-12.00709343,-0.188056111,30.68254471,0
4945,-0.076171875,0.442871094,-1.037109375,-0.510910511,-2.93614769,6.438269615,0
4967,-0.020019531,0.279296875,-1.080078125,11.10741043,-5.012483597,0.117659003,0
4990,0.05078125,0.447265625,-1.097167969,14.63412666,-12.70713997,-0.935776114,0
5011,-0.010253906,0.448730469,-1.196777344,18.14557838,-18.76820946,-9.760203362,0
5033,-0.119140625,0.399414063,-1.155761719,17.91657066,-28.27965927,-42.8899765,0
5057,-0.150390625,0.357421875,-1.126953125,15.21428108,-28.95141411,-49.31745529,0
5078,-0.108398438,-0.049804688,-1.141113281,40.92420578,-13.0124836,-35.48539734,0
5099,-0.131835938,0.405761719,-1.077148438,42.16084671,-6.646071434,5.506971836,0
5122,-0.048828125,0.250976563,-1.052734375,7.595959663,-11.80637646,-35.14951706,0
5142,0.028808594,0.186035156,-0.817382813,-6.984193325,-3.25675869,-44.03501511,0
5164,0.203613281,0.232421875,-1.000488281,-15.85442162,-9.165155411,-35.56173325,0
5185,-0.224121094,0.810546875,-0.849121094,-21.1979332,-35.21095657,-102.8136368,0
5206,-0.291992188,0.373535156,-0.901855469,-22.52617645,-36.43232727,-82.75257111,0
5227,-0.26171875,0.537109375,-0.921386719,-29.97655869,-26.49340057,-30.84417343,0
5251,-0.11328125,0.537597656,-1.024902344,-39.57961273,-21.04301834,-12.47776031,0
5271,-0.127929688,0.602539063,-1.112304688,-48.3429718,-23.16515541,-17.94340897,0
5292,-0.122558594,0.386230469,-1.157714844,-53.15213013,-26.17278862,-34.98157883,0
5313,-0.213867188,0.250976563,-1.030273438,-48.80098724,-26.4475975,-31.86707306,0
5335,-0.22265625,0.056640625,-0.969238281,-35.85441971,-24.66133881,-14.27928734,0
5358,-0.125976563,0.014160156,-1.000488281,-19.85442162,-16.96668243,-1.286921144,0
5491,-0.341308594,0.090332031,-1.145507813,15.45855522,11.64400482,12.27033138,0
5514,-0.168945313,0.14453125,-1.165527344,13.35168457,10.45316505,34.07185745,0
5535,-0.05859375,0.131347656,-0.974609375,14.03870773,12.81957722,22.54513931,0
5558,-0.046386719,0.073242188,-0.6953125,22.75626564,16.14782143,2.255063772,0
5580,-0.033691406,-0.085449219,-0.541015625,34.2371788,19.32339478,3.491704941,0
5602,0.037597656,-0.166503906,-0.65234375,47.71809769,27.81194305,33.38483429,0
5626,0.153808594,-0.13671875,-0.510742188,60.95473862,37.35393143,53.24742889,0
5646,0.180664063,-0.055664063,-0.326660156,71.3211441,46.72797775,53.91918564,0
5666,0.172363281,-0.102050781,-0.408203125,81.8860321,51.41500092,44.65200806,0
5686,0.002441406,-0.016601563,-0.3984375,94.03870392,48.26996231,24.48407173,0
5708,-0.198730469,0.030273438,-0.248535156,97.30587769,40.34629822,-16.05027962,0
5733,-1.053710938,0.182617188,0.130859375,97.0921402,20.40736389,-61.79074097,1
5755,-10.57177734,6.471679688,-9.825683594,-456.3429871,14.74324131,317.4916992,1
5776,-0.827636719,-3.931640625,0.273925781,-101.3353424,-122.1269913,-500.2487488,1
5797,-0.201171875,2.132324219,-0.0234375,-114.1139679,65.55239868,409.76651,1
5820,1.3046875,1.306640625,-1.202148438,-94.84679413,10.31576061,11.43063641,1
5840,-0.554199219,0.595703125,-1.16015625,-41.86968994,-2.646071434,-35.77547073,1
5860,-0.302246094,-0.057128906,-1.596191406,-33.30480194,6.636371136,38.98788834,1
5880,-0.037597656,0.647949219,-0.990234375,-21.01472664,9.048584938,39.47643661,0
5900,-0.034667969,0.501464844,-1.077148438,-7.36587286,7.766142368,23.70544624,0
5923,0.002929688,0.449707031,-1.008300781,3.412753582,-1.256758332,4.163460255,0
5944,0.054199219,0.313964844,-1.089355469,18.52725792,-8.417063713,3.613842249,0
5968,0.052734375,0.407714844,-1.00390625,21.85550117,-16.60026932,-0.187684506,0
5992,-0.049316406,0.261230469,-1.1796875,24.22191429,-21.91324615,-12.11134815,0
6013,-0.103027344,0.328125,-1.220214844,19.15321159,-23.86744499,-22.98157692,0
6036,-0.049804688,0.08984375,-1.122070313,25.6570282,-23.0124836,-27.3937912,0
6058,-0.142578125,0.256347656,-1.003417969,20.92420387,-21.50103378,-14.58463097,0
6081,-0.282714844,0.273925781,-1.073730469,-4.404040813,-15.10408688,-18.35562325,0
6105,-0.223632813,0.15234375,-1.147460938,-23.80862045,-11.07355213,-22.43195915,0
6128,-0.072265625,0.044921875,-0.994628906,-39.01472855,-5.073552608,-23.53119469,0
6151,0.031738281,0.071289063,-1.164550781,-47.15213013,-10.32546043,4.132925987,0
6174,0.101074219,0.813476563,-0.979003906,-43.71701813,-22.70713997,-21.50066185,0
6196,0.112792969,0.609375,-0.779296875,-37.53380966,-23.30256081,-72.11135101,0
6220,-0.204101563,0.520507813,-0.832519531,-33.57961273,-24.8750782,-70.84417725,0
6245,-0.342285156,0.433105469,-0.919921875,-30.3429718,-24.43233109,-17.01211166,0
6267,-0.230957031,0.445800781,-0.94140625,-31.4116745,-24.53920174,20.7436142,0
6289,-0.12109375,0.530273438,-1.006835938,-26.17503166,-25.33309364,24.7436142,0
6310,-0.149902344,0.456542969,-0.951171875,-17.07579613,-27.60790443,0.407735318,0
6337,-0.212890625,0.220703125,-0.887207031,-2.556712151,-24.29492569,-14.85943985,0
6360,-0.183105469,0.217773438,-1.022949219,7.550158024,-13.73004055,-1.118982196,0
6382,-0.099121094,0.262207031,-1.108886719,15.85550117,-0.707140088,10.25506401,0
6407,-0.092773438,0.317382813,-1.187011719,18.92420387,10.36156178,4.896285057,0
6429,-0.131347656,0.334472656,-1.187988281,18.64939499,16.01041794,-9.760203362,0
6450,-0.144042969,0.208007813,-1.168945313,17.96237183,17.46079826,-15.01211166,0
6471,-0.232910156,0.122558594,-1.099609375,16.61886024,17.14018822,-3.302188158,0
6607,0.029296875,-0.087890625,-0.495605469,57.00054169,10.75850868,42.62147522,0
6630,0.06640625,-0.04296875,-0.385253906,75.0921402,19.23179054,37.33903122,0
6653,0.077636719,0.042480469,-0.413085938,83.4585495,28.49896622,38.14819336,0
6673,0.106445313,0.085449219,-0.555175781,83.13793945,37.49133682,37.23216248,0
6694,-0.126953125,0.010253906,-0.325195313,79.39748383,36.77377701,-3.71440196,0
6715,-0.583496094,-0.095214844,0.286621094,94.78679657,30.65163803,-48.20295334,0
6742,1.583984375,5.844238281,-4.020996094,-220.0376282,75.38446045,117.6291046,1
6762,-1.468261719,-6.572753906,-4.365234375,-57.94602585,-77.5010376,-500.2487488,1
6782,1.119628906,0.400390625,3.453613281,-50.1292305,98.34629059,439.5985718,1
6802,1.923828125,1.537109375,-1.607910156,-109.7475586,16.36156273,93.64437866,1
6834,-0.38671875,0.905273438,-0.909179688,-29.65594864,2.331027985,0.423002511,1
6882,0.1015625,0.095214844,-1.108398438,-15.09106255,-4.585002899,36.68254471,1
6904,-0.058105469,0.572753906,-0.978027344,6.970005512,-0.020117164,28.49933815,0
6926,-0.081542969,0.393066406,-1.042480469,13.13794422,-2.203323364,8.896285057,0
6952,0.020019531,0.251464844,-1.087890625,8.43565464,-11.74530792,5.354300022,0
6974,0.108886719,0.32421875,-1.042480469,13.39748573,-21.9437809,5.048956394,0
6997,-0.116210938,0.416992188,-1.221191406,21.21428108,-31.69950676,-2.783104181,0
7018,-0.203125,0.329589844,-1.184570313,24.03870773,-35.33309174,-22.09608078,0
7042,-0.114257813,0.372070313,-1.122558594,23.16847992,-28.93614769,-26.7525692,0
7069,-0.114746094,0.3046875,-1.059570313,47.39748764,-11.77584267,4.087124348,0
7091,-0.174316406,0.580566406,-0.906738281,13.71809769,-7.073552608,-19.76020241,0
7114,0.063476563,-0.099121094,-0.961914063,-6.709383488,-1.256758332,-52.01974869,0
7137,0.061523438,0.084960938,-0.978027344,-23.9154911,3.399730206,-61.0273819,0
7160,-0.136230469,0.559570313,-1.202636719,-43.36587143,-16.11172104,-69.48539734,0
7181,-0.132324219,0.548828125,-0.895019531,-47.73228455,-31.53156853,-45.68386841,0
7201,-0.033691406,0.530273438,-0.964355469,-45.02999496,-29.80637741,-44.79837418,0
7221,-0.125,0.661621094,-0.848632813,-42.09869766,-22.75294113,-45.05791473,0
7242,-0.20703125,0.647460938,-1.018066406,-43.71701813,-22.43233109,-28.93577576,0
7264,-0.134277344,0.48828125,-1.047851563,-42.99945831,-20.81401062,-15.86707306,0
7285,-0.160644531,0.387695313,-0.963867188,-40.14449692,-19.16515541,-12.58463097,0
7306,-0.189453125,0.3046875,-0.99609375,-32.66358185,-17.0888195,-13.37852383,0
7328,-0.162109375,0.196777344,-1.134765625,-23.12159729,-11.8369112,-3.806005001,0
7353,-0.120605469,0.163574219,-1.140625,-10.3429718,-2.371262074,-0.676234126,0
7374,-0.124023438,0.165527344,-1.108398438,-2.098696709,5.18598938,-3.470127106,0
7394,-0.204589844,0.185546875,-1.054199219,2.725730658,11.15545559,-11.94340897,0
7416,-0.333984375,0.114257813,-1.28125,4.985272408,8.315760612,-10.82890511,0
7437,-0.393066406,0.092773438,-1.296875,5.061608315,4.071485996,1.858116984,0
7467,-0.340820313,0.009277344,-1.111328125,4.649394989,-4.004849911,11.06422424,0
7489,-0.220703125,-0.05859375,-0.88671875,9.702829361,-5.027750969,11.12529278,0
7512,-0.056152344,-0.142578125,-0.748535156,21.19901276,1.338661432,9.125292778,0
7533,0.051757813,-0.211425781,-0.759277344,36.63412857,11.00278378,8.590941429,0
7555,0.0859375,-0.104980469,-0.669921875,52.78680038,22.51423454,11.3543005,0
7576,0.138183594,-0.0546875,-0.556152344,67.55015564,30.92644691,9.858117104,0
7598,0.161621094,-0.023925781,-0.641113281,81.61122131,33.94934845,7.003155231,0
7710,-0.891601563,0.257324219,-0.2421875,88.90893555,27.56766891,-49.27165604,1
7731,6.556152344,4.92578125,-1.357910156,54.69519806,117.3233948,163.8428497,1
7754,-2.978027344,-5.887207031,-2.254394531,21.04634094,8.758508682,-500.2487488,1
7776,0.211914063,0.067871094,0.28515625,-86.60251617,108.8806458,383.8733826,1
7797,1.92578125,2.559082031,-1.080566406,-112.0223618,31.15545464,160.3008728,1
7822,-0.471191406,0.349121094,-1.827148438,-41.71701813,8.163088799,-76.5235672,1
7845,0.083496094,-0.194824219,-1.302734375,-25.54907799,10.42263126,18.07185745,0
7871,0.153808594,0.317871094,-0.978027344,-21.12159729,8.773776054,14.4993391,0
7892,-0.036621094,0.311523438,-1.12890625,-11.85442162,-0.554468274,-9.821271896,0
7913,0.024902344,0.375488281,-1.045410156,5.27534914,-10.40179634,-0.355623454,0
7934,0.046386719,0.334960938,-1.155273438,14.25244904,-15.33309364,9.354300499,0
7959,0.064453125,0.448242188,-0.9765625,15.30588341,-20.56973648,4.132925987,0
7984,-0.079101563,0.322753906,-1.0625,15.62649345,-24.5850029,-24.26402092,0
8006,-0.150390625,0.320800781,-1.209472656,12.83260155,-22.98194885,-38.73730469,0
8029,-0.096191406,0.202148438,-1.0859375,23.15321159,-16.02011681,-20.05027962,0
8050,-0.084960938,0.234375,-1.187011719,19.38221931,-15.63843727,-18.05027962,0
8074,-0.250976563,0.301269531,-1.159179688,-4.266635418,-14.66133881,-37.68386841,0
8094,-0.212402344,0.030273438,-1.266601563,-16.32770348,-19.31782722,-4.874707699,0
8114,0.116210938,0.255859375,-0.880371094,-12.41930771,-10.21859074,-1.134249449,0
8136,0.060058594,0.432128906,-0.770996094,-7.823887348,-4.569735527,-17.54646301,0
8159,0.05078125,0.826660156,-0.845214844,-9.045261383,-0.951414824,-52.15715027,0
8186,-0.354980469,0.546386719,-0.936035156,-15.01472664,-13.48576641,-67.51593018,0
8207,-0.2421875,0.412597656,-1.160644531,-21.28953552,-19.97431564,-18.5388298,0
8229,-0.079101563,0.605957031,-1.193847656,-29.64068222,-19.59263611,11.49170494,0
8250,-0.031738281,0.568359375,-1.132324219,-37.21319962,-21.2262249,-17.48539352,0
8279,-0.20703125,0.238769531,-1.048339844,-39.35060501,-15.57736969,-37.57699966,0
8301,-0.197265625,0.118164063,-0.968261719,-36.00709152,-5.714773655,-10.1418829,0
8322,-0.143066406,0.083007813,-0.924316406,-29.21319962,1.384463072,11.96498775,0
8343,-0.192382813,0.103027344,-0.926269531,-21.50327682,0.117287457,8.774147987,0
8365,-0.224609375,0.049804688,-1.067382813,-16.40403938,-2.585002422,12.85048389,0
8390,-0.199707031,0.012695313,-1.131347656,-12.92312431,-6.035384655,15.18636131,0
8414,-0.194335938,0.000976563,-1.079589844,-7.04526186,-8.966682434,20.11765862,0
8435,-0.179199219,-0.009765625,-1.005859375,0.405119896,-9.913247108,33.44589996,0
8456,-0.096679688,-0.03125,-0.942382813,9.931837082,-9.302559853,42.36193085,0
8481,0.023925781,-0.067871094,-0.807128906,27.82496834,-2.997216225,39.93445206,0
8503,0.087402344,-0.137695313,-0.685546875,46.86313629,5.06385231,37.88864899,0
8526,0.110839844,-0.090332031,-0.687011719,67.80970001,13.29286003,43.24742889,0
8554,0.059082031,0.009277344,-0.437988281,88.31351471,22.9111805,40.1787262,0
8578,-0.006835938,0.040039063,-0.571777344,95.58068848,29.5524025,42.63674164,0
8600,-0.006835938,0.215820313,-0.547363281,91.10740662,36.92644882,42.10239029,0
8620,-0.124023438,0.249023438,-0.377929688,81.56542206,40.68217468,8.926819801,0
8642,-0.586914063,-0.000976563,0.144042969,85.04634094,32.74324417,-47.42432785,1
8665,4.119140625,5.95703125,0.056640625,44.34405136,141.0333252,167.7207184,1
8695,-1.661621094,-5.549804688,-1.346679688,-107.0299988,-49.85217667,-500.2487488,1
8829,0.091308594,0.350585938,-0.951171875,-2.877322674,6.773776054,27.90391922,1
8854,-0.15234375,0.365234375,-1.055664063,4.206646919,4.636371613,4.05659008,1
8876,0.081054688,0.2890625,-1.090820313,7.382219315,2.712707281,4.514605522,0
8903,0.166992188,0.288085938,-0.970703125,6.527257442,-0.722407222,0.224529237,0
8925,0.025878906,0.341796875,-1.04296875,3.428020716,-8.157522202,-16.27928734,0
8950,0.047851563,0.211914063,-1.105957031,-3.152131557,-13.69950676,-14.78310394,0
8973,0.128417969,0.282714844,-0.956542969,-2.495643616,-14.70713997,-8.462492943,0
8999,-0.0234375,0.322265625,-1.099609375,-3.381139278,-18.41706467,-15.28692055,0
9021,-0.010253906,0.336425781,-1.109375,-7.197933674,-21.82164383,-25.22585297,0
9043,-0.078613281,0.371582031,-1.123046875,-12.41930771,-24.38652992,-33.54646301,0
9064,-0.074707031,0.266601563,-1.404785156,-8.678850174,-31.13462067,-16.09608078,0
9091,0.010253906,0.287597656,-1.368652344,0.252448082,-24.95141411,3.369567394,0
9112,-0.166503906,0.427734375,-1.096679688,-4.968925953,-15.34836197,-7.760203838,0
9133,-0.126953125,0.383300781,-0.760253906,-1.610147476,-4.294926643,-3.286921024,0
9158,-0.064453125,0.323730469,-0.673828125,0.038707733,-3.058285236,-23.88234138,0
9180,-0.366210938,0.73046875,-0.940917969,-0.648314953,-15.95904922,-42.20295334,0
9209,-0.319335938,0.514160156,-1.085449219,-8.312437057,-37.21095657,2.148193359,0
9231,0.039550781,0.508300781,-1.081054688,-16.92312431,-36.38652802,27.64437675,0
9254,0.192382813,0.524414063,-1.045410156,-18.25136757,-29.47049904,14.4993391,0
9275,0.187988281,0.416503906,-1.130371094,-16.75518417,-22.17278862,-13.62279892,0
9300,0.108886719,0.333496094,-1.268066406,-15.88495636,-8.630804062,-25.95867729,0
9321,0.05078125,0.276855469,-1.218261719,-15.9154911,7.018050671,-18.84417343,0
9342,-0.008300781,0.1015625,-1.08203125,-12.08342934,21.17072296,-10.73730278,0
9363,-0.065429688,0.0625,-0.912597656,-4.373506069,29.87301254,-5.775470734,0
9383,-0.183105469,0.078125,-0.842773438,4.405119896,30.22415733,-12.73730278,0
9411,-0.28515625,0.1015625,-0.921386719,13.56542587,19.30812645,-4.462493896,0
9432,-0.229003906,0.105957031,-0.784667969,19.58069229,11.44553185,9.110025406,0
9453,-0.173339844,0.073730469,-0.528808594,28.75626564,8.254692078,12.98788834,0
9474,-0.162109375,-0.063476563,-0.429199219,44.02344131,8.208890915,16.95735359,0
9497,-0.120605469,-0.147460938,-0.598632813,65.39748383,5.338661194,28.39246941,0
9522,0.049804688,-0.05859375,-0.608886719,83.33641052,6.544768333,23.43063736,0
9542,0.083984375,-0.139648438,-0.416503906,86.49671936,9.50660038,4.987887859,0
9563,0.013183594,-0.06640625,0.076660156,98.60359192,23.61347008,-5.851806641,0
9585,-0.364746094,-0.362304688,0.144042969,111.8554993,28.2699585,-30.44722557,0
9610,-1.174804688,-0.258300781,0.108398438,129.9623718,1.491333246,-49.19532013,1
9630,-7.190917969,-1.776855469,-16,-132.1292267,-315.134613,424.1023865,1
9651,-0.166503906,-3.549804688,3.667480469,-147.8238831,-65.85218048,-357.6533203,1
9671,-0.332519531,1.825195313,-0.520507813,-123.0147324,39.21652603,368.468811,1
9695,-0.048828125,0.660644531,-1.45703125,-73.15213776,-5.745307922,-31.95867729,1
9721,-0.215332031,0.2421875,-1.446777344,-18.99946022,4.117287636,-12.09608078,1
9743,-0.040527344,0.284179688,-1.022949219,-18.80098724,-1.149888158,2.300865173,1
9765,0.086914063,0.118164063,-0.915039063,-18.84678841,4.804310322,0.713078856,0
9787,-0.165039063,0.500488281,-0.970214844,-6.037627697,7.231791019,-6.050280094,0
9811,-0.027832031,0.323242188,-1.080566406,10.13031101,9.369195938,-0.554096758,0
9915,-0.175292969,0.255859375,-1.147949219,15.90130234,-32.41706085,-10.81363869,0
9935,0.006835938,-0.060058594,-1.391113281,36.84786606,-21.02775002,5.400101662,0
9955,-0.272949219,0.313476563,-1.191894531,54.11504364,-17.05828476,46.1787262,0
9978,-0.091308594,0.596191406,-1.1484375,-5.51854372,-10.95141506,-41.33272552,0
9999,0.01171875,-0.008789063,-0.925292969,-19.1979332,-1.775842309,-39.28692245,0
10025,0.250488281,0.727050781,-0.954589844,-25.32007027,1.124921083,-47.18005371,0
10046,-0.119140625,0.602539063,-0.922851563,-36.70938492,-8.722407341,-117.7449417,0
10070,-0.358886719,0.433105469,-0.864257813,-42.69411469,-3.241491318,-71.80600739,0
10091,-0.192871094,0.094238281,-0.933105469,-42.14449692,-4.569735527,-40.09608459,0
10113,-0.151367188,0.223144531,-0.948242188,-35.61014557,-5.867445469,-12.08081436,0
10134,-0.021972656,0.223144531,-0.994628906,-23.10633087,-13.02775097,-2.691501141,0
10155,-0.015625,0.239257813,-1.076660156,-9.136865616,-17.48576546,-0.080814287,0
10176,-0.028320313,0.390625,-1.141113281,2.313516855,-19.53156853,1.12529254,0
10197,-0.077148438,0.349121094,-1.086425781,7.931837559,-16.05065155,6.774147511,0
10220,-0.077636719,0.247070313,-1.097167969,12.03870773,-6.065918922,15.75124741,0
10241,-0.099609375,0.288085938,-1.024902344,15.21428108,6.483699322,11.18636131,0
10261,-0.148925781,0.262695313,-1.0859375,18.61886024,14.11728764,4.041323185,0
10281,-0.212402344,0.395996094,-1.140625,17.15321159,17.87301254,-3.531195879,0
10303,-0.251464844,0.392578125,-1.21484375,6.725730896,16.88064575,-3.638066053,0
10328,-0.237792969,0.282714844,-1.040527344,-4.098697186,13.75087547,-2.920508862,0
10350,-0.188476563,0.176757813,-0.76171875,-5.243734837,11.62873745,-4.462493896,0
10372,-0.157714844,-0.0390625,-0.632324219,4.450921535,11.47606564,4.758880138,0
10392,-0.130371094,-0.138671875,-0.691894531,21.38221931,9.903547287,17.72071266,0
10413,-0.111816406,-0.120117188,-0.514160156,40.84786987,10.26995945,23.55277443,0
10435,-0.040039063,-0.159667969,-0.306152344,59.71809769,12.83484459,23.36956787,0
10457,-0.030273438,-0.225585938,-0.5,75.3211441,17.03331757,19.09475899,0
10480,-0.048828125,-0.126464844,-0.6953125,82.14557648,21.53713417,7.842849731,0
10502,-0.094238281,-0.135253906,-0.436035156,77.79442596,25.94934845,7.430635929,0
10528,-0.2890625,-0.176269531,0.056640625,71.29061127,32.17835617,11.99552155,0
10549,-0.502441406,-0.264648438,0.367675781,83.85549927,19.91881371,-25.21058464,1
10569,-6.158691406,-1.163085938,-16,-91.70175171,-315.3636169,294.0566101,1
10590,-0.746582031,-3.215820313,2.234375,-148.5719757,-18.98194885,-380.7525635,1
10611,-0.220703125,1.43359375,-0.537109375,-120.5109177,64.39209747,297.4916992,1
10640,-0.354492188,0.243652344,-1.191894531,-42.78572083,-4.081185818,-46.93577957,1
10661,-0.100585938,0.41796875,-1.294433594,-28.81625366,11.96461582,-11.25638676,0
10685,1.038085938,0.373046875,-0.928710938,-38.58724594,16.02568436,16.94208717,0
10706,0.297363281,0.360351563,-0.916992188,-12.20556641,6.468432426,19.35430145,0
10726,-0.108886719,0.469238281,-1.060058594,-8.907857895,3.353928566,5.079491138,0
10746,-0.037597656,0.270019531,-1.089355469,-5.869689465,-1.516300321,10.22452927,0
10766,0.080566406,0.263671875,-1.076171875,-6.236101627,-12.79874325,8.881017685,0
10788,0.220214844,0.401855469,-0.96484375,2.344051123,-20.08118629,13.41536903,0
10811,-0.006347656,0.345214844,-1.024902344,11.35168457,-22.73767471,1.613842249,0
10838,0.0234375,0.381347656,-1.123535156,13.3669529,-28.11172104,3.84284997,0
10860,-0.004394531,0.313476563,-1.124511719,16.17611313,-34.26438904,-1.912875414,0
10883,-0.05078125,0.335449219,-1.032226563,15.39748573,-41.50102997,-15.30218792,0
10905,-0.150878906,0.328613281,-1.107910156,11.41275406,-35.07355118,-23.11898232,0
10999,0.01171875,0.325195313,-0.631347656,-9.854421616,-8.096452713,-6.279287815,0
11021,0.291992188,0.98046875,-0.44140625,-11.76281929,3.934081554,-61.11898422,0
11043,-0.311523438,0.336914063,-0.955566406,-15.35060501,-19.2262249,-127.3632584,0
11065,-0.312988281,0.302734375,-1.086425781,-13.74755096,-28.61553764,-65.77547455,0
11088,-0.140625,0.489746094,-1.092773438,-17.35060501,-32.69187164,-11.11898232,0
11109,0.104492188,0.635742188,-1.11328125,-23.04526138,-30.98194885,-1.256386757,0
11131,0.094726563,0.592285156,-1.13671875,-28.25136948,-23.42469788,-16.82890511,0
11153,0.102539063,0.357421875,-1.067382813,-30.69411469,-12.1575222,-20.81363869,0
11174,0.019042969,0.208984375,-0.974609375,-26.95365906,1.918814182,-18.87470627,0
11197,-0.098144531,0.071777344,-0.954589844,-18.80098724,12.83484459,-11.66860008,0
11221,-0.229492188,0.028808594,-1.021972656,-10.40404129,17.20125771,-4.645699978,0
11244,-0.284179688,-0.040039063,-0.947753906,-2.007093906,14.07148552,-9.576996803,0
11265,-0.271972656,-0.076171875,-1.040039063,6.099776268,8.651638985,-0.111348629,0
11288,-0.202148438,-0.03125,-1.136230469,12.63412762,3.170722485,6.026055813,0
11310,-0.122070313,0.019042969,-0.94921875,14.35931778,3.766142368,11.17109489,0
11333,-0.083496094,0.092285156,-0.71484375,21.18374634,7.155455112,11.38483524,0
11358,-0.022949219,0.041015625,-0.597167969,32.8020668,11.50660038,16.72834587,0
11381,-0.083984375,0.010742188,-0.455566406,45.35168457,14.01041698,21.55277443,0
11402,-0.053710938,-0.025878906,-0.414550781,59.48908997,17.64400482,33.78178024,0
11425,-0.023925781,0.024414063,-0.639648438,72.5883255,18.07148552,44.30086517,0
11453,0.031738281,0.065917969,-0.625488281,81.82496643,23.64400482,52.71307755,0
11474,0.022949219,0.021972656,-0.43359375,85.79442596,28.95698166,41.91918564,0
11497,-0.26953125,-0.040527344,-0.081542969,91.80970001,31.39973068,5.644376278,1
11519,-0.959960938,-0.309570313,-0.018554688,107.8554993,2.712707281,-66.5235672,1
11542,-16,1.561035156,-16,-351.8239136,-239.4246979,424.4382629,1
11567,-0.528320313,-3.317382813,3.211914063,-145.3047943,-59.53156662,-164.5540924,1
11589,0.203125,1.934570313,-0.807617188,-114.7246552,24.30049324,268.7436218,1
11612,0.497070313,0.298828125,-1.081542969,-73.4727478,5.964615345,-29.1800499,1
11634,-0.443359375,0.859863281,-1.278320313,-26.17503166,12.9875164,-23.31745529,1
11657,0.158203125,-0.061035156,-1.212890625,-17.86968803,13.70507336,35.44589996,0
11679,0.391113281,0.510253906,-0.892089844,-17.1979332,7.155455112,12.05659103,0
11702,-0.125488281,0.19921875,-1.039550781,-11.47274208,-1.852178216,3.110025406,0
11723,0.051757813,0.346679688,-1.094238281,-0.007093906,-6.417063713,10.59094143,0
11750,0.071777344,0.346191406,-0.969726563,3.595959663,-11.71477413,6.972620487,0
11771,0.040039063,0.281738281,-1.080566406,8.5883255,-13.0888195,-1.546463132,0
11792,-0.028320313,0.363769531,-1.015625,10.78679943,-15.14988804,-3.302188158,0
11816,-0.094726563,0.315429688,-1.08984375,9.015807152,-19.31782722,-13.45485973,0
11839,-0.061523438,0.248046875,-1.032714844,3.657028198,-21.10408592,-18.58463097,0
11863,-0.087890625,0.33203125,-1.071777344,-1.655948639,-18.20332336,-26.50829506,0
11883,-0.087890625,0.315429688,-1.161621094,-6.037627697,-17.77584267,-34.27928925,0
11903,-0.092773438,0.243652344,-1.234863281,-5.121597767,-20.14225388,-36.03501511,0
11927,0.131835938,0.099609375,-1.392578125,20.26771545,-20.75294113,12.11765957,0
11950,-0.008300781,0.46875,-1.25390625,6.496723175,-14.50866699,16.45353699,0
11975,-0.165039063,0.403320313,-0.84765625,2.344051123,-5.25675869,-24.79837036,0
11996,-0.000976563,0.548828125,-0.634765625,2.817333698,-1.882712483,-29.40905762,0
12089,0.13671875,0.671386719,-1.188964844,-23.73228455,-22.12698746,11.73598003,0
12112,0.069335938,0.515136719,-1.283203125,-33.18266678,-13.89797974,-22.95104218,0
12133,-0.017089844,0.32421875,-1.203125,-42.4803772,-3.25675869,-32.4624939,0
12154,-0.104492188,0.05078125,-1.130859375,-46.49564362,6.163088799,-18.64569855,0
12175,-0.188476563,-0.076171875,-0.932617188,-40.90785599,11.14018822,-8.187684059,0
12197,-0.224609375,-0.163085938,-0.7578125,-27.57961273,10.62110424,-3.821272135,0
12220,-0.231933594,-0.235839844,-0.732421875,-9.152132034,4.956982136,2.881017923,0
12242,-0.120605469,-0.129882813,-0.787109375,8.725730896,2.376829386,11.44590378,0
12262,-0.078125,-0.010742188,-0.788574219,21.91657066,2.636371374,13.32376575,0
12284,-0.049804688,-0.003417969,-0.71875,36.29824829,3.628737926,11.27796459,0
12305,-0.017089844,0.014160156,-0.69140625,51.64176178,4.926447392,19.18636131,0
12328,0.023925781,-0.017578125,-0.578613281,69.39748383,7.18598938,30.89628601,0
12350,0.012207031,-0.028320313,-0.379394531,85.41275024,11.58293629,33.15582657,0
12380,0.069824219,0.064453125,-0.276367188,98.61885834,29.21652412,52.45353699,0
12402,0.140136719,0.127441406,-0.446289063,96.17610931,43.65927505,66.88101959,0
12426,0.068359375,0.191894531,-0.272460938,87.53488922,52.43790054,27.93445396,0
12449,-0.851074219,0.147949219,0.155761719,83.61122131,31.32339478,-87.42432404,1
12472,-7.5078125,-2.252441406,-16,-145.8391571,-292.6460571,228.6672821,1
12492,-2.044921875,-4.191894531,0.586425781,-155.0452576,-30.17278862,-418.5693665,1
12512,-0.440429688,2.078125,-0.122070313,-128.1139526,65.91881561,418.8199463,1
12532,1.243652344,1.345214844,-1.15625,-108.7399216,12.42263126,69.79705048,1
12552,-0.294433594,0.48828125,-0.949707031,-41.35060501,-4.310193539,-41.92814255,1
12574,-0.287597656,-0.013183594,-1.380371094,-33.35060501,-4.172789097,20.07185745,0
12595,-0.017089844,0.333007813,-0.995605469,-25.77808571,-1.791109443,43.59857178,0
12617,0.071289063,0.637695313,-0.979003906,-18.93839073,1.537134767,10.56040764,0
12640,-0.082519531,0.303222656,-1.104980469,-4.068162441,0.468432456,6.010788441,0
12663,0.084472656,0.2734375,-1.036132813,0.649394512,-5.134621143,4.560407162,0
12687,0.163574219,0.420410156,-0.921386719,4.55779171,-11.25675869,6.514605522,0
12710,0.062988281,0.346679688,-1.051269531,12.61886024,-17.88271332,-6.676234245,0
12734,0.024902344,0.362304688,-1.060058594,13.58069229,-22.17278862,-7.989211559,0
12757,-0.030273438,0.286621094,-1.040527344,13.97763824,-24.12698746,-7.714402199,0
12782,-0.043945313,0.34765625,-1.088867188,11.24481392,-29.5163002,-16.27928734,0
12805,-0.080078125,0.278808594,-1.069824219,7.809700012,-29.89797974,-28.55409622,0
12828,-0.149902344,0.388183594,-1.25390625,6.51199007,-26.89034653,-34.27928925,0
12849,-0.044921875,-0.026855469,-1.413574219,29.07687569,-19.98958206,-38.08081436,0
12871,-0.184570313,0.28515625,-1.216796875,38.92420578,-11.25675869,31.27796555,0
12891,-0.19921875,0.675292969,-1.283691406,3.71809721,-20.27965927,-21.83653831,0
12912,0.185546875,0.217773438,-0.704101563,0.985272408,-12.98194981,-10.85943985,0
12931,0.252441406,0.694824219,-0.7265625,-4.587246418,-1.623170495,-73.11898041,0
12951,-0.123535156,0.616210938,-0.962890625,-17.61014748,-8.829277992,-151.8975983,0
12973,-0.462890625,0.560058594,-1.060058594,-30.4803772,-14.56973553,-110.4319611,0
12994,-0.348144531,0.329589844,-1.055175781,-41.36587143,-18.32546043,-34.82890701,0
13015,-0.142089844,0.401855469,-0.991210938,-41.42694092,-21.85217857,4.94208622,0
13040,-0.026367188,0.423828125,-0.967773438,-34.83152008,-24.78347588,-18.37088966,0
13063,-0.105957031,0.302246094,-1.091308594,-27.86968994,-23.71477318,-36.38615799,0
13087,-0.123535156,0.291503906,-1.130859375,-20.48037529,-18.8750782,-19.8976078,0
13195,-0.171386719,0.030761719,-1.05078125,-7.625414371,7.537134647,3.720712423,0
13217,-0.208007813,0.100585938,-1.015625,-3.243734837,7.720340729,6.911551952,0
13238,-0.193847656,0.083007813,-1.083984375,0.817333698,5.491333008,13.59857559,0
13260,-0.137695313,0.060546875,-0.974609375,7.397486687,4.498966694,13.15582752,0
13286,-0.077148438,0.024414063,-0.752441406,20.51198959,7.888279438,13.90391922,0
13307,-0.088867188,-0.01953125,-0.638671875,35.58069229,11.38446331,22.43827057,0
13329,-0.038574219,-0.08203125,-0.715332031,55.53489304,13.29286003,35.03368759,0
13352,0.010253906,-0.099609375,-0.671386719,71.85549927,15.67453957,37.23216248,0
13375,0.079101563,0.030273438,-0.429199219,82.78679657,20.65163803,42.94208527,0
13399,0.205078125,-0.236328125,-0.307617188,96.14557648,27.01805115,43.94971848,0
13421,0.227539063,-0.191894531,-0.4453125,108.5272522,35.6287384,40.48406982,0
13444,0.284667969,-0.274414063,-0.076171875,125.3364105,48.51423645,26.6062088,0
13467,0.026367188,0.013671875,-0.122070313,133.6570282,57.65927505,-15.74493599,0
13490,-0.798339844,0.484375,-0.317382813,124.3440475,37.20125961,-86.85944366,0
13512,-0.022460938,10.69335938,-7.950195313,-423.1368713,275.5371399,123.7817764,1
13534,-0.919921875,-3.599121094,1.885742188,-56.8467865,-182.936142,-500.2487488,1
13559,0.391601563,1.543945313,-1.198730469,-142.312439,29.29286003,438.5909424,1
13580,-0.424316406,2.283691406,-1.64453125,-94.44984436,27.23179054,49.38483429,1
13603,1.511230469,-0.113769531,-0.637695313,-35.53380966,21.09438705,-66.64569855,1
13624,0.287109375,0.020507813,-0.810058594,-10.92312431,-0.508666754,9.949720383,1
13648,-0.004882813,-0.005371094,-1.002929688,-14.23610115,-1.730040908,35.65964127,1
13670,0.127929688,0.670410156,-1.057617188,-1.854422092,-10.93614769,5.735979557,0
13696,-0.126464844,0.37109375,-1.068359375,12.20664597,-15.5163002,-7.149516582,0
13717,-0.058105469,0.158691406,-1.183105469,14.03870773,-15.79110909,9.01842308,0
13738,-0.012695313,0.360839844,-1.112304688,19.45855522,-19.30256081,2.911552191,0
13761,-0.075683594,0.283691406,-1.185546875,14.31351662,-25.50103378,-31.77547073,0
13784,-0.088867188,0.327636719,-1.104980469,2.084509134,-29.11935425,-52.5388298,0
13809,-0.138671875,-0.033691406,-1.167480469,15.0158062,-14.92088032,-8.767836571,0
13830,-0.388671875,0.489257813,-0.983398438,-18.57197952,-12.41706371,29.87338448,0
13854,-0.122558594,-0.0703125,-1.145507813,-44.70938492,-9.852178574,-21.72966957,0
13875,-0.130859375,-0.016113281,-0.828125,-46.46510696,0.331027895,-12.66096687,0
13899,-0.061035156,0.809570313,-1.076660156,-40.38877106,-17.57736969,-12.72203541,0
13922,-0.067871094,0.790039063,-0.9140625,-42.11396408,-27.27202606,-71.13425446,0
13946,-0.354980469,0.703125,-0.861816406,-42.3429718,-32.26438904,-82.53883362,0
13971,-0.39453125,0.530761719,-0.992675781,-41.7780838,-37.94377899,-31.88234138,0
13993,-0.3125,0.574707031,-1.093261719,-46.40404129,-37.24148941,14.46880436,0
14019,-0.147949219,0.489257813,-1.024414063,-47.82388687,-35.13462067,14.51460552,0
14038,-0.072265625,0.40625,-0.971679688,-44.29716873,-33.28729248,-6.218218803,0
14062,-0.091308594,0.289550781,-0.994628906,-34.08342743,-28.52393341,-28.73730278,0
14082,-0.058105469,0.091308594,-1.1015625,-26.17503166,-21.19569016,-23.36325645,0
14105,-0.031738281,0.053710938,-1.102050781,-19.39640617,-8.05065155,-14.46249294,0
14126,0.030273438,-0.000976563,-1.087402344,-7.48800993,4.514234066,-0.34035629,0
14147,0.022949219,-0.011230469,-1.063476563,9.947104454,11.43026447,1.75124681,0
14171,-0.022949219,0.017578125,-1.029785156,30.14557838,16.43789864,-2.019745588,0
14194,-0.033691406,0.116210938,-1.042480469,43.00054169,21.1249218,-14.20295143,0
14300,-0.037109375,0.114257813,-0.586425781,55.32115173,38.78904343,-2.523562193,0
14323,-0.053222656,-0.008789063,-0.6875,63.19901276,34.92644882,1.873384118,0
14345,-0.1328125,-0.043457031,-0.556640625,67.94710541,33.91881561,16.42300224,0
14368,-0.196777344,-0.098632813,-0.188476563,75.44328308,33.6287384,38.88101578,0
14390,-0.252929688,-0.219238281,-0.195800781,83.77915955,35.47606659,56.42300034,0
14412,-0.359863281,0.03125,-0.2421875,94.4509201,31.87301254,54.30086517,0
14434,-0.599609375,0.201171875,-0.287109375,89.13793945,16.40736389,-12.26401997,1
14453,7.878417969,5.875,-1.428710938,-34.14449692,252.3462982,283.5069885,1
14475,-2.774414063,-4.514160156,-0.525878906,-5.80862093,-13.43996429,-500.2487488,1
14497,-0.260742188,0.661621094,0.083496094,-87.67121887,95.38446045,311.0184326,1
14521,1.41015625,1.455566406,-1.204589844,-107.0452652,41.44553375,86.42300415,1
14542,-0.350585938,0.759277344,-1.488769531,-51.35060501,17.8424778,-45.56173325,1
14563,-0.190429688,0.043945313,-0.938476563,-33.50327682,13.65927219,7.537506104,1
14585,0.01171875,0.239257813,-1.007324219,-25.25900078,6.392096519,14.23979664,0
14606,0.157714844,0.359375,-1.032226563,-17.57961273,-2.05065155,26.28559875,0
14631,0.138671875,0.373535156,-1.0546875,-8.129230499,-11.30255985,1.064223886,0
14650,0.111328125,0.32421875,-1.08984375,-0.358238697,-18.17278862,9.537507057,0
14671,0.032226563,0.32421875,-1.062988281,3.107409954,-26.46286583,5.842849731,0
14691,0.064941406,0.305664063,-1.025390625,3.565425396,-25.5163002,6.45353651,0
14712,0.025390625,0.370117188,-1.064941406,1.366951942,-21.45523262,1.186361313,0
14733,-0.110351563,0.439453125,-1.247070313,3.076875687,-26.35599518,-11.53119564,0
14753,-0.233398438,0.296875,-1.398925781,-0.251368523,-28.8750782,-23.45486069,0
14775,-0.161132813,0.260742188,-1.375976563,-0.587246418,-26.12698746,-18.05027962,0
14797,-0.171386719,-0.124511719,-1.657226563,25.00053978,-9.226223946,5.308498383,0
14821,-0.250976563,0.390136719,-1.23046875,-22.6330471,-11.71477413,20.62147522,0
14843,-0.008789063,0.189453125,-0.814453125,-29.88495636,-11.73004055,0.209262058,0
14863,0.10546875,1.293945313,-0.754882813,-42.00709152,-4.44759798,-28.14188194,0
14885,-0.244140625,0.714355469,-1.012695313,-56.4803772,-22.82927704,-97.5922699,0
14906,-0.195800781,0.546386719,-1.086914063,-63.22846603,-23.76057434,-50.23348618,0
14928,-0.038085938,0.5859375,-0.889160156,-70.02236176,-24.79874229,-21.21058464,0
14949,0.011230469,0.473144531,-0.985351563,-66.5414505,-27.54683495,-2.355623245,0
14971,-0.029296875,0.290527344,-0.772460938,-56.93839264,-29.19569016,-2.141882896,0
14995,-0.002929688,0.275878906,-0.874511719,-42.37350464,-29.07355309,11.20162868,0
15019,0.009765625,0.182617188,-0.79296875,-27.85441971,-23.5163002,13.41536903,0
15042,-0.03515625,0.034667969,-0.719726563,-9.350605011,-18.82927704,21.29323196,0
15063,-0.067871094,-0.001953125,-0.711425781,9.748631477,-13.80637646,34.54513931,0
15083,-0.071777344,0.004394531,-0.881835938,27.61122704,-9.073552132,47.20162582,0
15105,-0.0703125,0.078613281,-0.946777344,39.77916718,-4.646071434,49.29322815,0
15127,-0.103515625,0.158203125,-0.822753906,48.11504364,0.819577515,37.30849838,0
15150,-0.213378906,0.049804688,-0.684570313,54.89366913,3.338661671,21.64437675,0
15170,-0.340332031,-0.006835938,-0.649414063,63.1532135,3.048584938,20.1023922,0
15192,-0.384765625,-0.08984375,-0.759277344,71.82496643,-0.478132367,38.88101578,0
15213,-0.325683594,-0.026367188,-0.754394531,79.13793945,-6.218590736,54.95735168,0
15241,-0.258789063,0.043945313,-0.627441406,88.0234375,-10.32546043,62.46880341,0
15262,-0.131347656,-0.039550781,-0.862792969,94.9547348,-12.89034653,66.37719727,0
15283,0.087402344,0.203613281,-1.022949219,96.63412476,-6.981949329,60.81994629,0
15389,-0.879882813,-1.466796875,-1.885742188,-65.09106445,41.24705887,45.56803894,0
15411,-0.557128906,2.600585938,0.455078125,-40.02236176,46.07148743,81.17108917,0
15439,0.648925781,-0.495117188,-1.169921875,-28.54144287,38.14782333,15.93445301,0
15460,-0.268066406,0.6328125,-1.364257813,-15.80862045,27.39973068,6.713078499,0
15481,-0.051757813,0.1484375,-1.025878906,-3.335338116,15.35392857,-19.91287422,0
15507,0.030761719,0.127929688,-1.168945313,-7.976559162,11.53713417,16.02605629,0
15529,0.133789063,0.290527344,-0.996582031,-5.671215534,5.476066113,21.12529373,0
15552,0.009277344,0.283691406,-1.067871094,1.489089489,0.880646229,-2.798371315,0
15574,-0.028320313,0.170410156,-1.072753906,3.702829838,-0.432330847,2.529872894,0
15597,0.01171875,0.233886719,-1.010742188,5.00053978,2.651638508,7.674910545,0
15618,-0.015136719,0.215820313,-1.083496094,5.336417675,5.705073357,1.064223886,0
15642,0.013183594,0.22265625,-1.07421875,6.863135338,4.819577217,-6.34035635,0
15662,0.033203125,0.206054688,-1.037109375,7.962371826,3.995150089,-7.18005085,0
15682,0.015625,0.177246094,-1.061035156,8.55779171,2.697440147,-3.317455292,0
15703,0.037597656,0.208984375,-1.073730469,9.47382164,0.300493538,-2.004478216,0
15725,0.023925781,0.200683594,-1.046386719,9.962371826,-2.126987457,-6.096081734,0
15749,0.024414063,0.180664063,-1.037597656,10.19137955,-3.348361492,-2.065546989,0
15770,0.014160156,0.192871094,-1.060058594,10.2982502,-4.310193539,0.010788768,0
15792,0.008789063,0.198242188,-1.05859375,11.10741043,-4.81401062,-1.80600512,0
15813,0.00390625,0.187011719,-1.05859375,11.38221931,-5.37889576,-4.065547466,0
15834,0.003417969,0.152832031,-1.046875,11.33641815,-5.394163132,-4.157150269,0
15859,0.005859375,0.185546875,-1.061035156,11.19901276,-4.203323364,-1.867073894,0
15881,0.002929688,0.171875,-1.068359375,11.47382164,-4.310193539,-5.882340908,0
15904,-0.004882813,0.147460938,-1.037109375,11.51962376,-4.600269794,-6.599898338,0
15925,-0.000976563,0.170898438,-1.038085938,11.68756294,-3.791109562,-5.592264652,0
15950,-0.015136719,0.141113281,-1.07421875,11.10741043,-3.638437748,-9.500660896,0
15970,-0.004394531,0.135253906,-1.047851563,10.83260155,-3.25675869,-8.431959152,0
15990,-0.019042969,0.126464844,-1.048828125,9.718097687,-2.844544411,-7.271654129,0
16012,-0.010253906,0.125,-1.068359375,9.47382164,-3.363628864,-4.569364071,0
